2214.99871	0.96159
2215.0006	0.96045
2215.00248	0.95909
2215.00436	0.9575
2215.00625	0.95567
2215.00813	0.95359
2215.01001	0.95126
2215.0119	0.94868
2215.01378	0.94585
2215.01566	0.94278
2215.01755	0.93946
2215.01943	0.93589
2215.02131	0.93207
2215.0232	0.92798
2215.02508	0.9236
2215.02696	0.9189
2215.02885	0.91385
2215.03073	0.9084
2215.03261	0.90248
2215.0345	0.89602
2215.03638	0.88894
2215.03826	0.88111
2215.04015	0.87241
2215.04203	0.86272
2215.04391	0.85188
2215.0458	0.83973
2215.04768	0.82611
2215.04956	0.81088
2215.05145	0.79387
2215.05333	0.77496
2215.05521	0.75405
2215.0571	0.73107
2215.05898	0.70597
2215.06086	0.67877
2215.06275	0.64952
2215.06463	0.61835
2215.06651	0.58541
2215.0684	0.55093
2215.07028	0.51518
2215.07216	0.4785
2215.07405	0.44125
2215.07593	0.40386
2215.07781	0.36676
2215.0797	0.33044
2215.08158	0.29537
2215.08346	0.26205
2215.08535	0.23096
2215.08723	0.20258
2215.08911	0.17733
2215.091	0.15563
2215.09288	0.13781
2215.09476	0.12418
2215.09664	0.11495
2215.09853	0.11027
2215.10041	0.11022
2215.10229	0.11478
2215.10418	0.12387
2215.10606	0.13732
2215.10794	0.1549
2215.10983	0.17629
2215.11171	0.20115
2215.11359	0.22905
2215.11548	0.25956
2215.11736	0.29221
2215.11924	0.32653
2215.12113	0.36204
2215.12301	0.39828
2215.12489	0.43481
2215.12678	0.47121
2215.12866	0.50712
2215.13054	0.5422
2215.13243	0.57617
2215.13431	0.60876
2215.13619	0.6398
2215.13808	0.66911
2215.13996	0.69658
2215.14184	0.72212
2215.14373	0.74569
2215.14561	0.76728
2215.14749	0.7869
2215.14938	0.80458
2215.15126	0.82039
2215.15314	0.83443
2215.15503	0.84678
2215.15691	0.85757
2215.15879	0.86694
2215.16068	0.87502
2215.16256	0.88195
2215.16444	0.88788
2215.16633	0.89294
2215.16821	0.89726
2215.17009	0.90097
2215.17198	0.90415
2215.17386	0.90689
2215.17574	0.90925
2215.17763	0.91127
2215.17951	0.91297
2215.18139	0.91434
2215.18328	0.91537
2215.18516	0.91602
2215.18704	0.91622
2215.18893	0.91591
2215.19081	0.91499
2215.19269	0.91338
2215.19457	0.91095
2215.19646	0.90761
2215.19834	0.90323
2215.20022	0.8977
2215.20211	0.89092
2215.20399	0.88281
2215.20587	0.87332
2215.20776	0.86243
2215.20964	0.85017
2215.21152	0.8366
2215.21341	0.82186
2215.21529	0.80615
2215.21717	0.78969
2215.21906	0.77278
2215.22094	0.75575
2215.22282	0.73896
2215.22471	0.7228
2215.22659	0.70763
2215.22847	0.69381
2215.23036	0.68167
2215.23224	0.67151
2215.23412	0.66354
2215.23601	0.65794
2215.23789	0.65481
2215.23977	0.65418
2215.24166	0.65604
2215.24354	0.66031
2215.24542	0.66685
2215.24731	0.67549
2215.24919	0.68602
2215.25107	0.69823
2215.25296	0.71185
2215.25484	0.72664
2215.25672	0.74234
2215.25861	0.75867
2215.26049	0.77539
2215.26237	0.79223
2215.26426	0.80896
2215.26614	0.82536
2215.26802	0.84122
2215.26991	0.85636
2215.27179	0.87062
2215.27367	0.88388
2215.27556	0.89605
2215.27744	0.90707
2215.27932	0.91691
2215.28121	0.92559
2215.28309	0.93313
2215.28497	0.93958
2215.28686	0.94502
2215.28874	0.94954
2215.29062	0.95321
2215.2925	0.95613
2215.29439	0.95838
2215.29627	0.96005
2215.29815	0.96121
2215.30004	0.96194
2215.30192	0.96229
2215.3038	0.96234
2215.30569	0.96213
2215.30757	0.96174
2215.30945	0.96122
2215.31134	0.96063
2215.31322	0.96002
2215.3151	0.95944
2215.31699	0.95893
2215.31887	0.95853
2215.32075	0.95826
2215.32264	0.95813
2215.32452	0.95813
2215.3264	0.95827
2215.32829	0.95852
2215.33017	0.95885
2215.33205	0.95926
2215.33394	0.95971
2215.33582	0.96018
2215.3377	0.96066
2215.33959	0.96114
2215.34147	0.96163
2215.34335	0.96211
2215.34524	0.96262
2215.34712	0.96314
2215.349	0.9637
2215.35089	0.9643
2215.35277	0.96495
2215.35465	0.96566
2215.35654	0.96641
2215.35842	0.96722
2215.3603	0.96806
2215.36219	0.96894
2215.36407	0.96984
2215.36595	0.97076
2215.36784	0.97169
2215.36972	0.97261
2215.3716	0.97351
2215.37349	0.9744
2215.37537	0.97525
2215.37725	0.97607
2215.37914	0.97683
2215.38102	0.97754
2215.3829	0.97817
2215.38479	0.97872
2215.38667	0.97919
2215.38855	0.97956
2215.39043	0.97985
2215.39232	0.98006
2215.3942	0.98019
2215.39608	0.98026
2215.39797	0.98028
2215.39985	0.98027
2215.40173	0.98024
2215.40362	0.98019
2215.4055	0.98015
2215.40738	0.98011
2215.40927	0.98007
2215.41115	0.98004
2215.41303	0.98
2215.41492	0.97995
2215.4168	0.97989
2215.41868	0.97982
2215.42057	0.97973
2215.42245	0.97962
2215.42433	0.97949
2215.42622	0.97936
2215.4281	0.97923
2215.42998	0.97911
2215.43187	0.979
2215.43375	0.9789
2215.43563	0.97882
2215.43752	0.97876
2215.4394	0.97872
2215.44128	0.97869
2215.44317	0.97867
2215.44505	0.97865
2215.44693	0.97865
2215.44882	0.97864
2215.4507	0.97864
2215.45258	0.97865
2215.45447	0.97867
2215.45635	0.9787
2215.45823	0.97874
2215.46012	0.97879
2215.462	0.97886
2215.46388	0.97894
2215.46577	0.97902
2215.46765	0.97911
2215.46953	0.97919
2215.47142	0.97927
2215.4733	0.97933
2215.47518	0.97938
2215.47707	0.97941
2215.47895	0.97943
2215.48083	0.97943
2215.48272	0.97942
2215.4846	0.97939
2215.48648	0.97934
2215.48836	0.97927
2215.49025	0.97916
2215.49213	0.97902
2215.49401	0.97883
2215.4959	0.97859
2215.49778	0.97831
2215.49966	0.97797
2215.50155	0.97761
2215.50343	0.97721
2215.50531	0.97682
2215.5072	0.97643
2215.50908	0.97608
2215.51096	0.97577
2215.51285	0.97552
2215.51473	0.97533
2215.51661	0.97519
2215.5185	0.97509
2215.52038	0.97501
2215.52226	0.97492
2215.52415	0.9748
2215.52603	0.97462
2215.52791	0.97435
2215.5298	0.97398
2215.53168	0.97352
2215.53356	0.97295
2215.53545	0.97231
2215.53733	0.97161
2215.53921	0.97089
2215.5411	0.97018
2215.54298	0.96952
2215.54486	0.96893
2215.54675	0.96845
2215.54863	0.96807
2215.55051	0.96781
2215.5524	0.96766
2215.55428	0.96761
2215.55616	0.96764
2215.55805	0.96774
2215.55993	0.96789
2215.56181	0.96808
2215.5637	0.9683
2215.56558	0.96854
2215.56746	0.96881
2215.56935	0.96911
2215.57123	0.96945
2215.57311	0.96985
2215.575	0.97029
2215.57688	0.97079
2215.57876	0.97134
2215.58065	0.97195
2215.58253	0.97259
2215.58441	0.97328
2215.5863	0.97399
2215.58818	0.97472
2215.59006	0.97547
2215.59194	0.97624
2215.59383	0.97703
2215.59571	0.97786
2215.59759	0.97873
2215.59948	0.97964
2215.60136	0.9806
2215.60324	0.98161
2215.60513	0.98265
2215.60701	0.98371
2215.60889	0.98478
2215.61078	0.98582
2215.61266	0.9868
2215.61454	0.9877
2215.61643	0.98849
2215.61831	0.98914
2215.62019	0.98966
2215.62208	0.99002
2215.62396	0.99025
2215.62584	0.99035
2215.62773	0.99034
2215.62961	0.99025
2215.63149	0.99011
2215.63338	0.98994
2215.63526	0.98978
2215.63714	0.98964
2215.63903	0.98954
2215.64091	0.98948
2215.64279	0.98947
2215.64468	0.98951
2215.64656	0.98958
2215.64844	0.98967
2215.65033	0.98976
2215.65221	0.98983
2215.65409	0.98987
2215.65598	0.98985
2215.65786	0.98977
2215.65974	0.98962
2215.66163	0.98938
2215.66351	0.98906
2215.66539	0.98868
2215.66728	0.98824
2215.66916	0.98777
2215.67104	0.98729
2215.67293	0.98683
2215.67481	0.98643
2215.67669	0.98612
2215.67858	0.98592
2215.68046	0.98584
2215.68234	0.98592
2215.68423	0.98614
2215.68611	0.9865
2215.68799	0.98698
2215.68987	0.98755
2215.69176	0.98818
2215.69364	0.98882
2215.69552	0.98944
2215.69741	0.98999
2215.69929	0.99044
2215.70117	0.99077
2215.70306	0.99095
2215.70494	0.99098
2215.70682	0.99084
2215.70871	0.99054
2215.71059	0.99009
2215.71247	0.98949
2215.71436	0.98874
2215.71624	0.98786
2215.71812	0.98684
2215.72001	0.98569
2215.72189	0.98441
2215.72377	0.98302
2215.72566	0.98152
2215.72754	0.97993
2215.72942	0.9783
2215.73131	0.97666
2215.73319	0.97506
2215.73507	0.97355
2215.73696	0.97221
2215.73884	0.97108
2215.74072	0.97023
2215.74261	0.96968
2215.74449	0.96949
2215.74637	0.96965
2215.74826	0.97017
2215.75014	0.97102
2215.75202	0.97217
2215.75391	0.97356
2215.75579	0.97514
2215.75767	0.97685
2215.75956	0.97863
2215.76144	0.98041
2215.76332	0.98213
2215.76521	0.98377
2215.76709	0.98527
2215.76897	0.98661
2215.77086	0.98776
2215.77274	0.98871
2215.77462	0.98944
2215.77651	0.98995
2215.77839	0.99024
2215.78027	0.99031
2215.78216	0.99017
2215.78404	0.98982
2215.78592	0.98931
2215.7878	0.98864
2215.78969	0.98787
2215.79157	0.98702
2215.79345	0.98615
2215.79534	0.98528
2215.79722	0.98446
2215.7991	0.98372
2215.80099	0.98307
2215.80287	0.9825
2215.80475	0.98203
2215.80664	0.98161
2215.80852	0.98123
2215.8104	0.98084
2215.81229	0.98042
2215.81417	0.97992
2215.81605	0.97934
2215.81794	0.97866
2215.81982	0.9779
2215.8217	0.97707
2215.82359	0.97622
2215.82547	0.9754
2215.82735	0.97465
2215.82924	0.97403
2215.83112	0.97358
2215.833	0.97332
2215.83489	0.97328
2215.83677	0.97345
2215.83865	0.97379
2215.84054	0.97427
2215.84242	0.97483
2215.8443	0.9754
2215.84619	0.97593
2215.84807	0.97634
2215.84995	0.97659
2215.85184	0.97664
2215.85372	0.97647
2215.8556	0.97608
2215.85749	0.97548
2215.85937	0.97471
2215.86125	0.9738
2215.86314	0.9728
2215.86502	0.97175
2215.8669	0.97069
2215.86879	0.96966
2215.87067	0.96866
2215.87255	0.96773
2215.87444	0.96685
2215.87632	0.96602
2215.8782	0.96522
2215.88009	0.96444
2215.88197	0.96366
2215.88385	0.96287
2215.88573	0.96204
2215.88762	0.96118
2215.8895	0.96028
2215.89138	0.95935
2215.89327	0.9584
2215.89515	0.95742
2215.89703	0.95644
2215.89892	0.95546
2215.9008	0.95448
2215.90268	0.95349
2215.90457	0.95249
2215.90645	0.95145
2215.90833	0.95035
2215.91022	0.94916
2215.9121	0.94782
2215.91398	0.94631
2215.91587	0.94456
2215.91775	0.94253
2215.91963	0.94017
2215.92152	0.93742
2215.9234	0.93423
2215.92528	0.93057
2215.92717	0.92638
2215.92905	0.92161
2215.93093	0.91623
2215.93282	0.91019
2215.9347	0.90345
2215.93658	0.89596
2215.93847	0.88764
2215.94035	0.87845
2215.94223	0.8683
2215.94412	0.85709
2215.946	0.84474
2215.94788	0.83111
2215.94977	0.81609
2215.95165	0.79956
2215.95353	0.78138
2215.95542	0.76143
2215.9573	0.7396
2215.95918	0.71582
2215.96107	0.69002
2215.96295	0.6622
2215.96483	0.63238
2215.96672	0.60067
2215.9686	0.5672
2215.97048	0.53218
2215.97237	0.49587
2215.97425	0.4586
2215.97613	0.42073
2215.97802	0.38268
2215.9799	0.34488
2215.98178	0.30779
2215.98367	0.27188
2215.98555	0.23759
2215.98743	0.20536
2215.98931	0.1756
2215.9912	0.14866
2215.99308	0.12486
2215.99496	0.10446
2215.99685	0.08767
2215.99873	0.07464
2216.00061	0.06547
2216.0025	0.06022
2216.00438	0.05888
2216.00626	0.06142
2216.00815	0.06777
2216.01003	0.07779
2216.01191	0.09137
2216.0138	0.1083
2216.01568	0.1284
2216.01756	0.15143
2216.01945	0.17712
2216.02133	0.20519
2216.02321	0.23532
2216.0251	0.26719
2216.02698	0.30044
2216.02886	0.33472
2216.03075	0.36967
2216.03263	0.40492
2216.03451	0.44015
2216.0364	0.47501
2216.03828	0.50923
2216.04016	0.54254
2216.04205	0.57472
2216.04393	0.60561
2216.04581	0.63507
2216.0477	0.66301
2216.04958	0.68937
2216.05146	0.71414
2216.05335	0.73732
2216.05523	0.75893
2216.05711	0.77902
2216.059	0.79762
2216.06088	0.81479
2216.06276	0.83056
2216.06465	0.84498
2216.06653	0.85809
2216.06841	0.86993
2216.0703	0.88054
2216.07218	0.88995
2216.07406	0.89821
2216.07595	0.90539
2216.07783	0.91155
2216.07971	0.91676
2216.0816	0.92111
2216.08348	0.9247
2216.08536	0.92764
2216.08724	0.93004
2216.08913	0.93199
2216.09101	0.93361
2216.09289	0.93499
2216.09478	0.93621
2216.09666	0.93735
2216.09854	0.93848
2216.10043	0.93962
2216.10231	0.94081
2216.10419	0.94206
2216.10608	0.94339
2216.10796	0.94477
2216.10984	0.94621
2216.11173	0.94768
2216.11361	0.94916
2216.11549	0.95063
2216.11738	0.95207
2216.11926	0.95345
2216.12114	0.95476
2216.12303	0.95599
2216.12491	0.95711
2216.12679	0.95812
2216.12868	0.95902
2216.13056	0.95981
2216.13244	0.96049
2216.13433	0.96107
2216.13621	0.96156
2216.13809	0.96198
2216.13998	0.96233
2216.14186	0.96264
2216.14374	0.96293
2216.14563	0.96321
2216.14751	0.96349
2216.14939	0.96377
2216.15128	0.96406
2216.15316	0.96436
2216.15504	0.96463
2216.15693	0.96487
2216.15881	0.96505
2216.16069	0.96514
2216.16258	0.96512
2216.16446	0.96495
2216.16634	0.96463
2216.16823	0.96412
2216.17011	0.96344
2216.17199	0.96258
2216.17388	0.96157
2216.17576	0.96043
2216.17764	0.9592
2216.17953	0.95791
2216.18141	0.95661
2216.18329	0.95535
2216.18517	0.95417
2216.18706	0.95309
2216.18894	0.95215
2216.19082	0.95137
2216.19271	0.95077
2216.19459	0.95033
2216.19647	0.95007
2216.19836	0.94998
2216.20024	0.95005
2216.20212	0.95028
2216.20401	0.95065
2216.20589	0.95117
2216.20777	0.95183
2216.20966	0.95264
2216.21154	0.9536
2216.21342	0.95471
2216.21531	0.95597
2216.21719	0.95737
2216.21907	0.9589
2216.22096	0.96054
2216.22284	0.96227
2216.22472	0.96405
2216.22661	0.96583
2216.22849	0.96758
2216.23037	0.96924
2216.23226	0.97077
2216.23414	0.97214
2216.23602	0.9733
2216.23791	0.97423
2216.23979	0.97492
2216.24167	0.97537
2216.24356	0.97558
2216.24544	0.97558
2216.24732	0.97539
2216.24921	0.97506
2216.25109	0.97462
2216.25297	0.97413
2216.25486	0.97364
2216.25674	0.97318
2216.25862	0.9728
2216.26051	0.97253
2216.26239	0.97241
2216.26427	0.97244
2216.26616	0.97264
2216.26804	0.97301
2216.26992	0.97354
2216.27181	0.9742
2216.27369	0.97499
2216.27557	0.97585
2216.27746	0.97677
2216.27934	0.97771
2216.28122	0.97864
2216.2831	0.97952
2216.28499	0.98034
2216.28687	0.98107
2216.28875	0.98169
2216.29064	0.98222
2216.29252	0.98264
2216.2944	0.98297
2216.29629	0.98322
2216.29817	0.98341
2216.30005	0.98356
2216.30194	0.9837
2216.30382	0.98383
2216.3057	0.98399
2216.30759	0.98417
2216.30947	0.98441
2216.31135	0.98468
2216.31324	0.98501
2216.31512	0.98538
2216.317	0.98579
2216.31889	0.98621
2216.32077	0.98665
2216.32265	0.98707
2216.32454	0.98747
2216.32642	0.98782
2216.3283	0.9881
2216.33019	0.98832
2216.33207	0.98845
2216.33395	0.98849
2216.33584	0.98845
2216.33772	0.98832
2216.3396	0.98812
2216.34149	0.98786
2216.34337	0.98757
2216.34525	0.98726
2216.34714	0.98697
2216.34902	0.9867
2216.3509	0.98649
2216.35279	0.98635
2216.35467	0.98628
2216.35655	0.9863
2216.35844	0.98638
2216.36032	0.98652
2216.3622	0.98669
2216.36409	0.98686
2216.36597	0.98702
2216.36785	0.98712
2216.36974	0.98714
2216.37162	0.98705
2216.3735	0.98684
2216.37539	0.9865
2216.37727	0.98603
2216.37915	0.98543
2216.38104	0.98472
2216.38292	0.98391
2216.3848	0.98303
2216.38668	0.98209
2216.38857	0.98111
2216.39045	0.98011
2216.39233	0.97909
2216.39422	0.97806
2216.3961	0.97702
2216.39798	0.97597
2216.39987	0.97491
2216.40175	0.97384
2216.40363	0.97278
2216.40552	0.97174
2216.4074	0.97072
2216.40928	0.96977
2216.41117	0.96891
2216.41305	0.96817
2216.41493	0.9676
2216.41682	0.96723
2216.4187	0.96709
2216.42058	0.96719
2216.42247	0.96756
2216.42435	0.96819
2216.42623	0.96907
2216.42812	0.97019
2216.43	0.9715
2216.43188	0.97297
2216.43377	0.97456
2216.43565	0.97622
2216.43753	0.97791
2216.43942	0.97959
2216.4413	0.98122
2216.44318	0.98277
2216.44507	0.98423
2216.44695	0.98557
2216.44883	0.98678
2216.45072	0.98787
2216.4526	0.98882
2216.45448	0.98963
2216.45637	0.99029
2216.45825	0.99081
2216.46013	0.99118
2216.46202	0.99138
2216.4639	0.99142
2216.46578	0.99128
2216.46767	0.99097
2216.46955	0.99048
2216.47143	0.98983
2216.47332	0.98903
2216.4752	0.9881
2216.47708	0.98709
2216.47897	0.98602
2216.48085	0.98495
2216.48273	0.98392
2216.48461	0.98298
2216.4865	0.98218
2216.48838	0.98155
2216.49026	0.98114
2216.49215	0.98097
2216.49403	0.98105
2216.49591	0.98137
2216.4978	0.98193
2216.49968	0.9827
2216.50156	0.98364
2216.50345	0.98471
2216.50533	0.98586
2216.50721	0.98702
2216.5091	0.98816
2216.51098	0.98921
2216.51286	0.99014
2216.51475	0.99091
2216.51663	0.99149
2216.51851	0.99187
2216.5204	0.99205
2216.52228	0.99204
2216.52416	0.99187
2216.52605	0.99155
2216.52793	0.99113
2216.52981	0.99065
2216.5317	0.99015
2216.53358	0.98966
2216.53546	0.98923
2216.53735	0.98889
2216.53923	0.98865
2216.54111	0.98854
2216.543	0.98855
2216.54488	0.98869
2216.54676	0.98894
2216.54865	0.98928
2216.55053	0.98968
2216.55241	0.99013
2216.5543	0.99059
2216.55618	0.99104
2216.55806	0.99146
2216.55995	0.99182
2216.56183	0.99211
2216.56371	0.99233
2216.5656	0.99248
2216.56748	0.99256
2216.56936	0.99258
2216.57125	0.99256
2216.57313	0.99251
2216.57501	0.99243
2216.5769	0.99234
2216.57878	0.99224
2216.58066	0.99213
2216.58254	0.99201
2216.58443	0.99188
2216.58631	0.99171
2216.58819	0.99151
2216.59008	0.99126
2216.59196	0.99096
2216.59384	0.99058
2216.59573	0.99013
2216.59761	0.9896
2216.59949	0.989
2216.60138	0.98833
2216.60326	0.9876
2216.60514	0.98681
2216.60703	0.98597
2216.60891	0.98508
2216.61079	0.98415
2216.61268	0.9832
2216.61456	0.98221
2216.61644	0.98119
2216.61833	0.98016
2216.62021	0.97912
2216.62209	0.97808
2216.62398	0.97706
2216.62586	0.97609
2216.62774	0.97519
2216.62963	0.97438
2216.63151	0.97371
2216.63339	0.9732
2216.63528	0.97288
2216.63716	0.97277
2216.63904	0.97288
2216.64093	0.97323
2216.64281	0.97379
2216.64469	0.97456
2216.64658	0.97551
2216.64846	0.9766
2216.65034	0.9778
2216.65223	0.97905
2216.65411	0.98031
2216.65599	0.98153
2216.65788	0.98267
2216.65976	0.98369
2216.66164	0.98456
2216.66353	0.98524
2216.66541	0.98573
2216.66729	0.986
2216.66918	0.98606
2216.67106	0.98591
2216.67294	0.98554
2216.67483	0.98497
2216.67671	0.98421
2216.67859	0.98328
2216.68047	0.9822
2216.68236	0.98099
2216.68424	0.9797
2216.68612	0.97834
2216.68801	0.97695
2216.68989	0.97557
2216.69177	0.97424
2216.69366	0.97297
2216.69554	0.97182
2216.69742	0.97079
2216.69931	0.96991
2216.70119	0.96919
2216.70307	0.96864
2216.70496	0.96826
2216.70684	0.96802
2216.70872	0.96793
2216.71061	0.96797
2216.71249	0.9681
2216.71437	0.96832
2216.71626	0.96861
2216.71814	0.96893
2216.72002	0.96927
2216.72191	0.96962
2216.72379	0.96994
2216.72567	0.97024
2216.72756	0.97047
2216.72944	0.97063
2216.73132	0.97068
2216.73321	0.9706
2216.73509	0.97037
2216.73697	0.96993
2216.73886	0.96927
2216.74074	0.96834
2216.74262	0.96709
2216.74451	0.96547
2216.74639	0.96342
2216.74827	0.96088
2216.75016	0.95779
2216.75204	0.95404
2216.75392	0.94955
2216.75581	0.94422
2216.75769	0.93794
2216.75957	0.93059
2216.76146	0.92205
2216.76334	0.91223
2216.76522	0.90104
2216.76711	0.8884
2216.76899	0.87429
2216.77087	0.85873
2216.77276	0.84176
2216.77464	0.82351
2216.77652	0.80416
2216.77841	0.78393
2216.78029	0.76311
2216.78217	0.74203
2216.78405	0.72106
2216.78594	0.70059
2216.78782	0.68101
2216.7897	0.66272
2216.79159	0.64607
2216.79347	0.6314
2216.79535	0.61898
2216.79724	0.60903
2216.79912	0.60168
2216.801	0.59702
2216.80289	0.59504
2216.80477	0.59567
2216.80665	0.5988
2216.80854	0.60422
2216.81042	0.6117
2216.8123	0.62098
2216.81419	0.63175
2216.81607	0.64369
2216.81795	0.65646
2216.81984	0.66972
2216.82172	0.68315
2216.8236	0.69641
2216.82549	0.70916
2216.82737	0.72111
2216.82925	0.73196
2216.83114	0.74143
2216.83302	0.74925
2216.8349	0.7552
2216.83679	0.75905
2216.83867	0.76062
2216.84055	0.75973
2216.84244	0.75624
2216.84432	0.75006
2216.8462	0.7411
2216.84809	0.72931
2216.84997	0.71468
2216.85185	0.69722
2216.85374	0.677
2216.85562	0.6541
2216.8575	0.62867
2216.85939	0.60087
2216.86127	0.57094
2216.86315	0.53915
2216.86504	0.50581
2216.86692	0.47131
2216.8688	0.43605
2216.87069	0.40052
2216.87257	0.36521
2216.87445	0.33066
2216.87634	0.29744
2216.87822	0.2661
2216.8801	0.23721
2216.88198	0.21129
2216.88387	0.18886
2216.88575	0.17034
2216.88763	0.1561
2216.88952	0.14643
2216.8914	0.14151
2216.89328	0.14145
2216.89517	0.14623
2216.89705	0.15573
2216.89893	0.16977
2216.90082	0.18804
2216.9027	0.21017
2216.90458	0.23576
2216.90647	0.26431
2216.90835	0.29534
2216.91023	0.32833
2216.91212	0.36276
2216.914	0.39813
2216.91588	0.43395
2216.91777	0.46979
2216.91965	0.50524
2216.92153	0.53992
2216.92342	0.57354
2216.9253	0.60583
2216.92718	0.63656
2216.92907	0.66558
2216.93095	0.69276
2216.93283	0.71802
2216.93472	0.74133
2216.9366	0.76268
2216.93848	0.78212
2216.94037	0.79969
2216.94225	0.81548
2216.94413	0.8296
2216.94602	0.84215
2216.9479	0.85328
2216.94978	0.86312
2216.95167	0.87179
2216.95355	0.87945
2216.95543	0.88621
2216.95732	0.89222
2216.9592	0.89758
2216.96108	0.9024
2216.96297	0.90679
2216.96485	0.91083
2216.96673	0.91459
2216.96862	0.91814
2216.9705	0.92151
2216.97238	0.92475
2216.97427	0.92787
2216.97615	0.93089
2216.97803	0.93381
2216.97991	0.93661
2216.9818	0.93927
2216.98368	0.94178
2216.98556	0.94411
2216.98745	0.94623
2216.98933	0.94813
2216.99121	0.94979
2216.9931	0.9512
2216.99498	0.95236
2216.99686	0.95329
2216.99875	0.95402
2217.00063	0.95456
2217.00251	0.95498
2217.0044	0.9553
2217.00628	0.95558
2217.00816	0.95586
2217.01005	0.95619
2217.01193	0.95659
2217.01381	0.9571
2217.0157	0.95773
2217.01758	0.9585
2217.01946	0.95939
2217.02135	0.96039
2217.02323	0.9615
2217.02511	0.96267
2217.027	0.96389
2217.02888	0.96513
2217.03076	0.96635
2217.03265	0.96752
2217.03453	0.9686
2217.03641	0.96957
2217.0383	0.97039
2217.04018	0.97104
2217.04206	0.97148
2217.04395	0.97169
2217.04583	0.97165
2217.04771	0.97135
2217.0496	0.97078
2217.05148	0.96995
2217.05336	0.96886
2217.05525	0.96756
2217.05713	0.96607
2217.05901	0.96446
2217.0609	0.96277
2217.06278	0.96108
2217.06466	0.95946
2217.06655	0.95797
2217.06843	0.95668
2217.07031	0.95564
2217.0722	0.95488
2217.07408	0.95443
2217.07596	0.9543
2217.07784	0.95447
2217.07973	0.95492
2217.08161	0.95562
2217.08349	0.95651
2217.08538	0.95754
2217.08726	0.95868
2217.08914	0.95987
2217.09103	0.96107
2217.09291	0.96225
2217.09479	0.9634
2217.09668	0.96448
2217.09856	0.96551
2217.10044	0.96648
2217.10233	0.9674
2217.10421	0.96826
2217.10609	0.96909
2217.10798	0.96988
2217.10986	0.97065
2217.11174	0.97138
2217.11363	0.97209
2217.11551	0.97276
2217.11739	0.97341
2217.11928	0.97403
2217.12116	0.97463
2217.12304	0.9752
2217.12493	0.97576
2217.12681	0.97632
2217.12869	0.97687
2217.13058	0.97742
2217.13246	0.97798
2217.13434	0.97855
2217.13623	0.9791
2217.13811	0.97964
2217.13999	0.98015
2217.14188	0.9806
2217.14376	0.98098
2217.14564	0.98127
2217.14753	0.98147
2217.14941	0.98155
2217.15129	0.98153
2217.15318	0.98141
2217.15506	0.98121
2217.15694	0.98096
2217.15883	0.98068
2217.16071	0.98042
2217.16259	0.9802
2217.16448	0.98006
2217.16636	0.98003
2217.16824	0.98012
2217.17013	0.98034
2217.17201	0.98069
2217.17389	0.98116
2217.17578	0.98172
2217.17766	0.98234
2217.17954	0.983
2217.18142	0.98365
2217.18331	0.98425
2217.18519	0.98478
2217.18707	0.98521
2217.18896	0.98551
2217.19084	0.98569
2217.19272	0.98574
2217.19461	0.98567
2217.19649	0.98551
2217.19837	0.98526
2217.20026	0.98497
2217.20214	0.98465
2217.20402	0.98433
2217.20591	0.98405
2217.20779	0.98382
2217.20967	0.98366
2217.21156	0.98358
2217.21344	0.98358
2217.21532	0.98366
2217.21721	0.98382
2217.21909	0.98403
2217.22097	0.9843
2217.22286	0.98459
2217.22474	0.98489
2217.22662	0.98518
2217.22851	0.98543
2217.23039	0.98563
2217.23227	0.98576
2217.23416	0.9858
2217.23604	0.98574
2217.23792	0.98557
2217.23981	0.98529
2217.24169	0.9849
2217.24357	0.98441
2217.24546	0.98384
2217.24734	0.9832
2217.24922	0.98251
2217.25111	0.98181
2217.25299	0.98111
2217.25487	0.98046
2217.25676	0.97987
2217.25864	0.97936
2217.26052	0.97896
2217.26241	0.97868
2217.26429	0.97852
2217.26617	0.97848
2217.26806	0.97854
2217.26994	0.9787
2217.27182	0.97893
2217.27371	0.97923
2217.27559	0.97955
2217.27747	0.9799
2217.27935	0.98025
2217.28124	0.9806
2217.28312	0.98092
2217.285	0.98123
2217.28689	0.98153
2217.28877	0.9818
2217.29065	0.98207
2217.29254	0.98233
2217.29442	0.98259
2217.2963	0.98285
2217.29819	0.98312
2217.30007	0.98339
2217.30195	0.98367
2217.30384	0.98396
2217.30572	0.98427
2217.3076	0.98459
2217.30949	0.98493
2217.31137	0.98529
2217.31325	0.98569
2217.31514	0.98614
2217.31702	0.98663
2217.3189	0.98718
2217.32079	0.98779
2217.32267	0.98845
2217.32455	0.98916
2217.32644	0.98991
2217.32832	0.99069
2217.3302	0.99149
2217.33209	0.99228
2217.33397	0.99305
2217.33585	0.99379
2217.33774	0.99448
2217.33962	0.99512
2217.3415	0.99569
2217.34339	0.9962
2217.34527	0.99662
2217.34715	0.99697
2217.34904	0.99723
2217.35092	0.9974
2217.3528	0.99748
2217.35469	0.99746
2217.35657	0.99734
2217.35845	0.99712
2217.36034	0.99679
2217.36222	0.99636
2217.3641	0.99586
2217.36599	0.99528
2217.36787	0.99466
2217.36975	0.99402
2217.37164	0.99338
2217.37352	0.99279
2217.3754	0.99225
2217.37728	0.99178
2217.37917	0.99139
2217.38105	0.99108
2217.38293	0.99085
2217.38482	0.99065
2217.3867	0.99048
2217.38858	0.9903
2217.39047	0.99008
2217.39235	0.98979
2217.39423	0.98941
2217.39612	0.98894
2217.398	0.98838
2217.39988	0.98774
2217.40177	0.98704
2217.40365	0.98632
2217.40553	0.9856
2217.40742	0.98494
2217.4093	0.98436
2217.41118	0.98389
2217.41307	0.98355
2217.41495	0.98335
2217.41683	0.98329
2217.41872	0.98335
2217.4206	0.98353
2217.42248	0.98381
2217.42437	0.98414
2217.42625	0.98451
2217.42813	0.9849
2217.43002	0.98527
2217.4319	0.98561
2217.43378	0.9859
2217.43567	0.98611
2217.43755	0.98624
2217.43943	0.98625
2217.44132	0.98614
2217.4432	0.98588
2217.44508	0.98546
2217.44697	0.98486
2217.44885	0.98407
2217.45073	0.98309
2217.45262	0.98192
2217.4545	0.98058
2217.45638	0.9791
2217.45827	0.97751
2217.46015	0.97586
2217.46203	0.97421
2217.46392	0.97261
2217.4658	0.9711
2217.46768	0.96974
2217.46957	0.96856
2217.47145	0.96759
2217.47333	0.96683
2217.47521	0.96629
2217.4771	0.96594
2217.47898	0.96577
2217.48086	0.96573
2217.48275	0.96578
2217.48463	0.96589
2217.48651	0.96602
2217.4884	0.96614
2217.49028	0.96621
2217.49216	0.96621
2217.49405	0.96614
2217.49593	0.96597
2217.49781	0.96572
2217.4997	0.96538
2217.50158	0.96494
2217.50346	0.96441
2217.50535	0.96377
2217.50723	0.96302
2217.50911	0.96214
2217.511	0.9611
2217.51288	0.95985
2217.51476	0.95834
2217.51665	0.9565
2217.51853	0.95426
2217.52041	0.95151
2217.5223	0.94814
2217.52418	0.94402
2217.52606	0.93904
2217.52795	0.93305
2217.52983	0.92592
2217.53171	0.91752
2217.5336	0.90775
2217.53548	0.89653
2217.53736	0.88379
2217.53925	0.86954
2217.54113	0.85379
2217.54301	0.83663
2217.5449	0.8182
2217.54678	0.79868
2217.54866	0.7783
2217.55055	0.75735
2217.55243	0.73615
2217.55431	0.71506
2217.5562	0.69444
2217.55808	0.6747
2217.55996	0.65622
2217.56185	0.63938
2217.56373	0.62452
2217.56561	0.61199
2217.5675	0.60204
2217.56938	0.5949
2217.57126	0.59073
2217.57314	0.58961
2217.57503	0.59158
2217.57691	0.59656
2217.57879	0.60444
2217.58068	0.61503
2217.58256	0.62807
2217.58444	0.64326
2217.58633	0.66028
2217.58821	0.67875
2217.59009	0.69829
2217.59198	0.71854
2217.59386	0.73912
2217.59574	0.7597
2217.59763	0.77996
2217.59951	0.79964
2217.60139	0.8185
2217.60328	0.83635
2217.60516	0.85304
2217.60704	0.86847
2217.60893	0.88257
2217.61081	0.8953
2217.61269	0.90665
2217.61458	0.91665
2217.61646	0.92533
2217.61834	0.93276
2217.62023	0.93903
2217.62211	0.94422
2217.62399	0.94845
2217.62588	0.95182
2217.62776	0.95445
2217.62964	0.95647
2217.63153	0.95798
2217.63341	0.9591
2217.63529	0.95992
2217.63718	0.96052
2217.63906	0.96096
2217.64094	0.96129
2217.64283	0.96154
2217.64471	0.96173
2217.64659	0.96185
2217.64848	0.96192
2217.65036	0.96191
2217.65224	0.96182
2217.65413	0.96165
2217.65601	0.9614
2217.65789	0.96107
2217.65978	0.96069
2217.66166	0.96026
2217.66354	0.95982
2217.66543	0.95938
2217.66731	0.95896
2217.66919	0.95858
2217.67108	0.95823
2217.67296	0.95792
2217.67484	0.95764
2217.67672	0.95735
2217.67861	0.95705
2217.68049	0.95669
2217.68237	0.95625
2217.68426	0.95569
2217.68614	0.95499
2217.68802	0.9541
2217.68991	0.95301
2217.69179	0.9517
2217.69367	0.95014
2217.69556	0.94831
2217.69744	0.9462
2217.69932	0.94378
2217.70121	0.94103
2217.70309	0.93793
2217.70497	0.93444
2217.70686	0.93055
2217.70874	0.9262
2217.71062	0.92136
2217.71251	0.91597
2217.71439	0.91
2217.71627	0.90337
2217.71816	0.896
2217.72004	0.88782
2217.72192	0.87872
2217.72381	0.86859
2217.72569	0.85731
2217.72757	0.84474
2217.72946	0.83075
2217.73134	0.81518
2217.73322	0.79791
2217.73511	0.77878
2217.73699	0.75771
2217.73887	0.73459
2217.74076	0.70939
2217.74264	0.68209
2217.74452	0.65274
2217.74641	0.62146
2217.74829	0.5884
2217.75017	0.55381
2217.75206	0.51799
2217.75394	0.4813
2217.75582	0.44417
2217.75771	0.40709
2217.75959	0.37059
2217.76147	0.33523
2217.76336	0.30158
2217.76524	0.27022
2217.76712	0.24171
2217.76901	0.21658
2217.77089	0.1953
2217.77277	0.17826
2217.77465	0.16579
2217.77654	0.15812
2217.77842	0.15538
2217.7803	0.15759
2217.78219	0.16467
2217.78407	0.17647
2217.78595	0.19271
2217.78784	0.21308
2217.78972	0.23717
2217.7916	0.26455
2217.79349	0.29475
2217.79537	0.32727
2217.79725	0.3616
2217.79914	0.39725
2217.80102	0.43372
2217.8029	0.47052
2217.80479	0.50723
2217.80667	0.5434
2217.80855	0.57865
2217.81044	0.61264
2217.81232	0.64506
2217.8142	0.67565
2217.81609	0.70423
2217.81797	0.73064
2217.81985	0.75481
2217.82174	0.77671
2217.82362	0.79638
2217.8255	0.81391
2217.82739	0.82944
2217.82927	0.84313
2217.83115	0.85517
2217.83304	0.86577
2217.83492	0.87514
2217.8368	0.88347
2217.83869	0.89094
2217.84057	0.8977
2217.84245	0.90387
2217.84434	0.90954
2217.84622	0.91478
2217.8481	0.91962
2217.84999	0.92408
2217.85187	0.92817
2217.85375	0.93189
2217.85564	0.93523
2217.85752	0.93822
2217.8594	0.94085
2217.86129	0.94314
2217.86317	0.94514
2217.86505	0.94686
2217.86694	0.94837
2217.86882	0.94968
2217.8707	0.95086
2217.87258	0.95194
2217.87447	0.95295
2217.87635	0.95393
2217.87823	0.9549
2217.88012	0.95588
2217.882	0.95688
2217.88388	0.9579
2217.88577	0.95895
2217.88765	0.96002
2217.88953	0.96109
2217.89142	0.96216
2217.8933	0.9632
2217.89518	0.9642
2217.89707	0.96514
2217.89895	0.966
2217.90083	0.96675
2217.90272	0.9674
2217.9046	0.96793
2217.90648	0.96835
2217.90837	0.96867
2217.91025	0.9689
2217.91213	0.96906
2217.91402	0.96919
2217.9159	0.9693
2217.91778	0.96942
2217.91967	0.96957
2217.92155	0.96975
2217.92343	0.96997
2217.92532	0.97023
2217.9272	0.9705
2217.92908	0.97079
2217.93097	0.97106
2217.93285	0.97131
2217.93473	0.97153
2217.93662	0.97172
2217.9385	0.97189
2217.94038	0.97206
2217.94227	0.97226
2217.94415	0.9725
2217.94603	0.97283
2217.94792	0.97327
2217.9498	0.97383
2217.95168	0.97452
2217.95357	0.97533
2217.95545	0.97624
2217.95733	0.97722
2217.95922	0.97822
2217.9611	0.9792
2217.96298	0.9801
2217.96487	0.98089
2217.96675	0.98153
2217.96863	0.98201
2217.97051	0.98231
2217.9724	0.98246
2217.97428	0.98247
2217.97616	0.98239
2217.97805	0.98226
2217.97993	0.98212
2217.98181	0.98201
2217.9837	0.98196
2217.98558	0.98201
2217.98746	0.98215
2217.98935	0.98238
2217.99123	0.9827
2217.99311	0.98307
2217.995	0.98349
2217.99688	0.98391
2217.99876	0.98432
2218.00065	0.9847
2218.00253	0.98504
2218.00441	0.98534
2218.0063	0.9856
2218.00818	0.98584
2218.01006	0.98606
2218.01195	0.9863
2218.01383	0.98655
2218.01571	0.98684
2218.0176	0.98716
2218.01948	0.98751
2218.02136	0.98787
2218.02325	0.98824
2218.02513	0.98857
2218.02701	0.98885
2218.0289	0.98905
2218.03078	0.98913
2218.03266	0.98908
2218.03455	0.98889
2218.03643	0.98855
2218.03831	0.98806
2218.0402	0.98745
2218.04208	0.98672
2218.04396	0.98592
2218.04585	0.98508
2218.04773	0.98424
2218.04961	0.98344
2218.0515	0.98271
2218.05338	0.98208
2218.05526	0.98157
2218.05715	0.98118
2218.05903	0.98093
2218.06091	0.98078
2218.0628	0.98073
2218.06468	0.98073
2218.06656	0.98076
2218.06845	0.98076
2218.07033	0.98071
2218.07221	0.98056
2218.07409	0.9803
2218.07598	0.9799
2218.07786	0.97935
2218.07974	0.97867
2218.08163	0.97786
2218.08351	0.97694
2218.08539	0.97594
2218.08728	0.9749
2218.08916	0.97384
2218.09104	0.9728
2218.09293	0.97182
2218.09481	0.97091
2218.09669	0.97011
2218.09858	0.96942
2218.10046	0.96887
2218.10234	0.96848
2218.10423	0.96824
2218.10611	0.96818
2218.10799	0.96829
2218.10988	0.96859
2218.11176	0.96908
2218.11364	0.96974
2218.11553	0.97059
2218.11741	0.97159
2218.11929	0.97273
2218.12118	0.97398
2218.12306	0.9753
2218.12494	0.97666
2218.12683	0.97801
2218.12871	0.97932
2218.13059	0.98054
2218.13248	0.98166
2218.13436	0.98266
2218.13624	0.98352
2218.13813	0.98424
2218.14001	0.98485
2218.14189	0.98536
2218.14378	0.98578
2218.14566	0.98615
2218.14754	0.98649
2218.14943	0.98682
2218.15131	0.98714
2218.15319	0.98746
2218.15508	0.98778
2218.15696	0.98806
2218.15884	0.98831
2218.16073	0.98848
2218.16261	0.98856
2218.16449	0.98852
2218.16638	0.98835
2218.16826	0.98805
2218.17014	0.98761
2218.17202	0.98704
2218.17391	0.98638
2218.17579	0.98565
2218.17767	0.98488
2218.17956	0.98412
2218.18144	0.9834
2218.18332	0.98276
2218.18521	0.98224
2218.18709	0.98186
2218.18897	0.98163
2218.19086	0.98158
2218.19274	0.98169
2218.19462	0.98196
2218.19651	0.98239
2218.19839	0.98294
2218.20027	0.98358
2218.20216	0.98431
2218.20404	0.98507
2218.20592	0.98585
2218.20781	0.98662
2218.20969	0.98736
2218.21157	0.98804
2218.21346	0.98866
2218.21534	0.9892
2218.21722	0.98967
2218.21911	0.99005
2218.22099	0.99036
2218.22287	0.9906
2218.22476	0.99078
2218.22664	0.99088
2218.22852	0.99093
2218.23041	0.99093
2218.23229	0.99086
2218.23417	0.99072
2218.23606	0.99052
2218.23794	0.99025
2218.23982	0.9899
2218.24171	0.98948
2218.24359	0.98897
2218.24547	0.98839
2218.24736	0.98773
2218.24924	0.987
2218.25112	0.9862
2218.25301	0.98535
2218.25489	0.98443
2218.25677	0.98345
2218.25866	0.98241
2218.26054	0.98129
2218.26242	0.98009
2218.26431	0.97879
2218.26619	0.97736
2218.26807	0.9758
2218.26995	0.97407
2218.27184	0.97215
2218.27372	0.97002
2218.2756	0.96765
2218.27749	0.96501
2218.27937	0.96204
2218.28125	0.9587
2218.28314	0.95492
2218.28502	0.95063
2218.2869	0.94572
2218.28879	0.94009
2218.29067	0.93363
2218.29255	0.9262
2218.29444	0.91768
2218.29632	0.90795
2218.2982	0.89692
2218.30009	0.8845
2218.30197	0.87065
2218.30385	0.85536
2218.30574	0.83869
2218.30762	0.82071
2218.3095	0.80159
2218.31139	0.78152
2218.31327	0.76075
2218.31515	0.73958
2218.31704	0.71833
2218.31892	0.69737
2218.3208	0.67708
2218.32269	0.65784
2218.32457	0.64003
2218.32645	0.62402
2218.32834	0.61015
2218.33022	0.59871
2218.3321	0.58995
2218.33399	0.58406
2218.33587	0.58117
2218.33775	0.58134
2218.33964	0.58455
2218.34152	0.59072
2218.3434	0.59971
2218.34529	0.61128
2218.34717	0.62518
2218.34905	0.64108
2218.35094	0.65863
2218.35282	0.67746
2218.3547	0.69718
2218.35659	0.71741
2218.35847	0.7378
2218.36035	0.75799
2218.36224	0.77768
2218.36412	0.7966
2218.366	0.81454
2218.36788	0.83132
2218.36977	0.84681
2218.37165	0.86092
2218.37353	0.87363
2218.37542	0.88492
2218.3773	0.89483
2218.37918	0.90341
2218.38107	0.91077
2218.38295	0.917
2218.38483	0.92221
2218.38672	0.92655
2218.3886	0.93013
2218.39048	0.9331
2218.39237	0.93557
2218.39425	0.93767
2218.39613	0.93951
2218.39802	0.94116
2218.3999	0.94271
2218.40178	0.94421
2218.40367	0.94571
2218.40555	0.94721
2218.40743	0.94874
2218.40932	0.9503
2218.4112	0.95187
2218.41308	0.95344
2218.41497	0.95502
2218.41685	0.95657
2218.41873	0.95809
2218.42062	0.95958
2218.4225	0.96102
2218.42438	0.96242
2218.42627	0.96378
2218.42815	0.96508
2218.43003	0.96632
2218.43192	0.9675
2218.4338	0.9686
2218.43568	0.96962
2218.43757	0.97054
2218.43945	0.97136
2218.44133	0.97207
2218.44322	0.97266
2218.4451	0.97315
2218.44698	0.97354
2218.44887	0.97383
2218.45075	0.97406
2218.45263	0.97423
2218.45452	0.97435
2218.4564	0.97445
2218.45828	0.97453
2218.46017	0.97459
2218.46205	0.97463
2218.46393	0.97465
2218.46582	0.97463
2218.4677	0.97456
2218.46958	0.97444
2218.47146	0.97424
2218.47335	0.97397
2218.47523	0.97361
2218.47711	0.97318
2218.479	0.97267
2218.48088	0.9721
2218.48276	0.97148
2218.48465	0.97081
2218.48653	0.97012
2218.48841	0.96941
2218.4903	0.9687
2218.49218	0.968
2218.49406	0.96731
2218.49595	0.96665
2218.49783	0.96603
2218.49971	0.96547
2218.5016	0.96498
2218.50348	0.96458
2218.50536	0.96429
2218.50725	0.96411
2218.50913	0.96406
2218.51101	0.96413
2218.5129	0.96432
2218.51478	0.96462
2218.51666	0.96499
2218.51855	0.9654
2218.52043	0.96582
2218.52231	0.9662
2218.5242	0.96651
2218.52608	0.96673
2218.52796	0.96683
2218.52985	0.9668
2218.53173	0.96667
2218.53361	0.96644
2218.5355	0.96616
2218.53738	0.96585
2218.53926	0.96556
2218.54115	0.96533
2218.54303	0.96519
2218.54491	0.96515
2218.5468	0.96522
2218.54868	0.96538
2218.55056	0.96562
2218.55245	0.96588
2218.55433	0.96614
2218.55621	0.96634
2218.5581	0.96643
2218.55998	0.96638
2218.56186	0.96615
2218.56375	0.96574
2218.56563	0.96513
2218.56751	0.96433
2218.56939	0.96334
2218.57128	0.96217
2218.57316	0.96084
2218.57504	0.95935
2218.57693	0.9577
2218.57881	0.95586
2218.58069	0.95381
2218.58258	0.95152
2218.58446	0.94892
2218.58634	0.94598
2218.58823	0.94262
2218.59011	0.9388
2218.59199	0.93444
2218.59388	0.92948
2218.59576	0.92386
2218.59764	0.91752
2218.59953	0.91037
2218.60141	0.90234
2218.60329	0.89333
2218.60518	0.88322
2218.60706	0.8719
2218.60894	0.85921
2218.61083	0.84501
2218.61271	0.82912
2218.61459	0.8114
2218.61648	0.79169
2218.61836	0.76986
2218.62024	0.74583
2218.62213	0.71956
2218.62401	0.69105
2218.62589	0.66039
2218.62778	0.62773
2218.62966	0.59332
2218.63154	0.55745
2218.63343	0.52052
2218.63531	0.48299
2218.63719	0.44538
2218.63908	0.40825
2218.64096	0.3722
2218.64284	0.33784
2218.64473	0.30579
2218.64661	0.27664
2218.64849	0.25094
2218.65038	0.22918
2218.65226	0.21177
2218.65414	0.19905
2218.65603	0.19125
2218.65791	0.18852
2218.65979	0.19086
2218.66168	0.19821
2218.66356	0.21039
2218.66544	0.22712
2218.66732	0.24806
2218.66921	0.27279
2218.67109	0.30082
2218.67297	0.33165
2218.67486	0.36475
2218.67674	0.39956
2218.67862	0.43554
2218.68051	0.47216
2218.68239	0.50893
2218.68427	0.54536
2218.68616	0.58105
2218.68804	0.6156
2218.68992	0.64868
2218.69181	0.68002
2218.69369	0.70941
2218.69557	0.73666
2218.69746	0.76168
2218.69934	0.7844
2218.70122	0.80483
2218.70311	0.82299
2218.70499	0.83898
2218.70687	0.85291
2218.70876	0.86494
2218.71064	0.87522
2218.71252	0.88395
2218.71441	0.89132
2218.71629	0.89751
2218.71817	0.9027
2218.72006	0.90708
2218.72194	0.91078
2218.72382	0.91396
2218.72571	0.91674
2218.72759	0.91923
2218.72947	0.92151
2218.73136	0.92367
2218.73324	0.92577
2218.73512	0.92786
2218.73701	0.93
2218.73889	0.93222
2218.74077	0.93455
2218.74266	0.937
2218.74454	0.93959
2218.74642	0.94231
2218.74831	0.94514
2218.75019	0.94806
2218.75207	0.95103
2218.75396	0.954
2218.75584	0.95693
2218.75772	0.95975
2218.75961	0.96242
2218.76149	0.96488
2218.76337	0.9671
2218.76525	0.96904
2218.76714	0.97069
2218.76902	0.97204
2218.7709	0.9731
2218.77279	0.97389
2218.77467	0.97445
2218.77655	0.9748
2218.77844	0.97499
2218.78032	0.97506
2218.7822	0.97505
2218.78409	0.975
2218.78597	0.97494
2218.78785	0.9749
2218.78974	0.97489
2218.79162	0.97492
2218.7935	0.975
2218.79539	0.97513
2218.79727	0.97531
2218.79915	0.97554
2218.80104	0.97582
2218.80292	0.97612
2218.8048	0.97645
2218.80669	0.97681
2218.80857	0.97717
2218.81045	0.97754
2218.81234	0.97792
2218.81422	0.97828
2218.8161	0.97863
2218.81799	0.97896
2218.81987	0.97926
2218.82175	0.97953
2218.82364	0.97977
2218.82552	0.97998
2218.8274	0.98017
2218.82929	0.98033
2218.83117	0.98049
2218.83305	0.98065
2218.83494	0.98083
2218.83682	0.98105
2218.8387	0.98132
2218.84059	0.98166
2218.84247	0.98208
2218.84435	0.98257
2218.84624	0.98316
2218.84812	0.98382
2218.85	0.98455
2218.85189	0.98533
2218.85377	0.98614
2218.85565	0.98694
2218.85754	0.9877
2218.85942	0.98839
2218.8613	0.98897
2218.86319	0.98942
2218.86507	0.9897
2218.86695	0.98981
2218.86883	0.98973
2218.87072	0.98948
2218.8726	0.98906
2218.87448	0.98849
2218.87637	0.98782
2218.87825	0.98707
2218.88013	0.98629
2218.88202	0.98552
2218.8839	0.9848
2218.88578	0.98415
2218.88767	0.98361
2218.88955	0.98319
2218.89143	0.98289
2218.89332	0.98273
2218.8952	0.98268
2218.89708	0.98275
2218.89897	0.98291
2218.90085	0.98315
2218.90273	0.98346
2218.90462	0.98383
2218.9065	0.98424
2218.90838	0.9847
2218.91027	0.9852
2218.91215	0.98575
2218.91403	0.98634
2218.91592	0.98697
2218.9178	0.98763
2218.91968	0.98831
2218.92157	0.98899
2218.92345	0.98963
2218.92533	0.99022
2218.92722	0.99072
2218.9291	0.9911
2218.93098	0.99131
2218.93287	0.99135
2218.93475	0.99118
2218.93663	0.99079
2218.93852	0.9902
2218.9404	0.98939
2218.94228	0.9884
2218.94417	0.98725
2218.94605	0.98597
2218.94793	0.98459
2218.94982	0.98315
2218.9517	0.9817
2218.95358	0.98025
2218.95547	0.97885
2218.95735	0.97752
2218.95923	0.9763
2218.96112	0.97519
2218.963	0.97423
2218.96488	0.97343
2218.96676	0.97281
2218.96865	0.97238
2218.97053	0.97216
2218.97241	0.97215
2218.9743	0.97234
2218.97618	0.97273
2218.97806	0.97331
2218.97995	0.97404
2218.98183	0.97491
2218.98371	0.97586
2218.9856	0.97686
2218.98748	0.97786
2218.98936	0.97881
2218.99125	0.97968
2218.99313	0.98043
2218.99501	0.98104
2218.9969	0.98148
2218.99878	0.98175
2219.00066	0.98185
2219.00255	0.98179
2219.00443	0.98158
2219.00631	0.98123
2219.0082	0.98076
2219.01008	0.98018
2219.01196	0.97949
2219.01385	0.97869
2219.01573	0.97777
2219.01761	0.97673
2219.0195	0.97555
2219.02138	0.9742
2219.02326	0.97268
2219.02515	0.97096
2219.02703	0.96901
2219.02891	0.96682
2219.0308	0.96435
2219.03268	0.96159
2219.03456	0.95849
2219.03645	0.955
2219.03833	0.95107
2219.04021	0.94662
2219.0421	0.94157
2219.04398	0.93584
2219.04586	0.9293
2219.04775	0.92186
2219.04963	0.91342
2219.05151	0.90386
2219.0534	0.89312
2219.05528	0.88112
2219.05716	0.86784
2219.05905	0.85326
2219.06093	0.83744
2219.06281	0.82044
2219.06469	0.80239
2219.06658	0.78344
2219.06846	0.7638
2219.07034	0.74371
2219.07223	0.72343
2219.07411	0.70326
2219.07599	0.68352
2219.07788	0.66453
2219.07976	0.64664
2219.08164	0.63016
2219.08353	0.61542
2219.08541	0.60271
2219.08729	0.59228
2219.08918	0.58437
2219.09106	0.57914
2219.09294	0.57672
2219.09483	0.57717
2219.09671	0.5805
2219.09859	0.58664
2219.10048	0.59547
2219.10236	0.60681
2219.10424	0.62043
2219.10613	0.63606
2219.10801	0.65338
2219.10989	0.67207
2219.11178	0.69176
2219.11366	0.7121
2219.11554	0.73275
2219.11743	0.75337
2219.11931	0.77365
2219.12119	0.79331
2219.12308	0.8121
2219.12496	0.82983
2219.12684	0.84634
2219.12873	0.8615
2219.13061	0.87525
2219.13249	0.88755
2219.13438	0.89841
2219.13626	0.90787
2219.13814	0.91602
2219.14003	0.92294
2219.14191	0.92877
2219.14379	0.93363
2219.14568	0.93767
2219.14756	0.94102
2219.14944	0.94383
2219.15133	0.94622
2219.15321	0.94831
2219.15509	0.95019
2219.15698	0.95194
2219.15886	0.95361
2219.16074	0.95525
2219.16262	0.95688
2219.16451	0.95851
2219.16639	0.96013
2219.16827	0.96174
2219.17016	0.96332
2219.17204	0.96486
2219.17392	0.96634
2219.17581	0.96774
2219.17769	0.96906
2219.17957	0.97029
2219.18146	0.97142
2219.18334	0.97244
2219.18522	0.97337
2219.18711	0.9742
2219.18899	0.97493
2219.19087	0.97557
2219.19276	0.97614
2219.19464	0.97664
2219.19652	0.97708
2219.19841	0.97747
2219.20029	0.97783
2219.20217	0.97818
2219.20406	0.97851
2219.20594	0.97885
2219.20782	0.97919
2219.20971	0.97954
2219.21159	0.97989
2219.21347	0.98025
2219.21536	0.98058
2219.21724	0.98089
2219.21912	0.98115
2219.22101	0.98136
2219.22289	0.98149
2219.22477	0.98155
2219.22666	0.98152
2219.22854	0.98142
2219.23042	0.98126
2219.23231	0.98105
2219.23419	0.9808
2219.23607	0.98054
2219.23796	0.9803
2219.23984	0.98008
2219.24172	0.9799
2219.24361	0.97978
2219.24549	0.97971
2219.24737	0.9797
2219.24926	0.97974
2219.25114	0.97982
2219.25302	0.97994
2219.25491	0.98009
2219.25679	0.98025
2219.25867	0.98042
2219.26056	0.9806
2219.26244	0.98079
2219.26432	0.98098
2219.2662	0.98118
2219.26809	0.98139
2219.26997	0.98161
2219.27185	0.98183
2219.27374	0.98206
2219.27562	0.98228
2219.2775	0.98247
2219.27939	0.98263
2219.28127	0.98274
2219.28315	0.98278
2219.28504	0.98275
2219.28692	0.98264
2219.2888	0.98244
2219.29069	0.98215
2219.29257	0.98179
2219.29445	0.98136
2219.29634	0.98089
2219.29822	0.9804
2219.3001	0.9799
2219.30199	0.97943
2219.30387	0.97901
2219.30575	0.97866
2219.30764	0.97839
2219.30952	0.97821
2219.3114	0.97812
2219.31329	0.97811
2219.31517	0.97816
2219.31705	0.97825
2219.31894	0.97836
2219.32082	0.97843
2219.3227	0.97843
2219.32459	0.97833
2219.32647	0.97809
2219.32835	0.97768
2219.33024	0.97709
2219.33212	0.97632
2219.334	0.97537
2219.33589	0.97428
2219.33777	0.97309
2219.33965	0.97186
2219.34154	0.97064
2219.34342	0.9695
2219.3453	0.96851
2219.34719	0.96774
2219.34907	0.96723
2219.35095	0.96701
2219.35284	0.96711
2219.35472	0.96751
2219.3566	0.96821
2219.35849	0.96916
2219.36037	0.97031
2219.36225	0.9716
2219.36413	0.97296
2219.36602	0.97434
2219.3679	0.97567
2219.36978	0.97691
2219.37167	0.97802
2219.37355	0.97899
2219.37543	0.9798
2219.37732	0.98047
2219.3792	0.98101
2219.38108	0.98143
2219.38297	0.98176
2219.38485	0.98202
2219.38673	0.98221
2219.38862	0.98234
2219.3905	0.98243
2219.39238	0.98246
2219.39427	0.98243
2219.39615	0.98233
2219.39803	0.98215
2219.39992	0.98189
2219.4018	0.98153
2219.40368	0.98109
2219.40557	0.98058
2219.40745	0.98001
2219.40933	0.97939
2219.41122	0.97876
2219.4131	0.97813
2219.41498	0.97753
2219.41687	0.97697
2219.41875	0.97646
2219.42063	0.97602
2219.42252	0.97564
2219.4244	0.97532
2219.42628	0.97505
2219.42817	0.9748
2219.43005	0.97455
2219.43193	0.97428
2219.43382	0.97397
2219.4357	0.97357
2219.43758	0.97308
2219.43947	0.97245
2219.44135	0.97167
2219.44323	0.97072
2219.44512	0.96957
2219.447	0.96823
2219.44888	0.96666
2219.45077	0.96487
2219.45265	0.96284
2219.45453	0.96057
2219.45642	0.95803
2219.4583	0.95522
2219.46018	0.9521
2219.46206	0.94864
2219.46395	0.9448
2219.46583	0.94052
2219.46771	0.93572
2219.4696	0.93032
2219.47148	0.92423
2219.47336	0.91733
2219.47525	0.9095
2219.47713	0.90062
2219.47901	0.89055
2219.4809	0.87915
2219.48278	0.86627
2219.48466	0.85178
2219.48655	0.83554
2219.48843	0.81744
2219.49031	0.79736
2219.4922	0.77522
2219.49408	0.75098
2219.49596	0.72462
2219.49785	0.69618
2219.49973	0.66575
2219.50161	0.63351
2219.5035	0.59967
2219.50538	0.56457
2219.50726	0.52858
2219.50915	0.49216
2219.51103	0.45585
2219.51291	0.42023
2219.5148	0.38591
2219.51668	0.35354
2219.51856	0.32374
2219.52045	0.29711
2219.52233	0.2742
2219.52421	0.25549
2219.5261	0.24134
2219.52798	0.23203
2219.52986	0.22773
2219.53175	0.22845
2219.53363	0.23414
2219.53551	0.24459
2219.5374	0.25953
2219.53928	0.27858
2219.54116	0.30133
2219.54305	0.32729
2219.54493	0.35596
2219.54681	0.38683
2219.5487	0.41937
2219.55058	0.45309
2219.55246	0.48751
2219.55435	0.52218
2219.55623	0.55668
2219.55811	0.59064
2219.55999	0.62371
2219.56188	0.65561
2219.56376	0.68608
2219.56564	0.71492
2219.56753	0.74197
2219.56941	0.76711
2219.57129	0.79028
2219.57318	0.81146
2219.57506	0.83066
2219.57694	0.84794
2219.57883	0.86337
2219.58071	0.87708
2219.58259	0.88918
2219.58448	0.89984
2219.58636	0.90918
2219.58824	0.91737
2219.59013	0.92456
2219.59201	0.93087
2219.59389	0.93643
2219.59578	0.94136
2219.59766	0.94575
2219.59954	0.94969
2219.60143	0.95326
2219.60331	0.9565
2219.60519	0.95946
2219.60708	0.96217
2219.60896	0.96466
2219.61084	0.96694
2219.61273	0.96901
2219.61461	0.97088
2219.61649	0.97252
2219.61838	0.97395
2219.62026	0.97514
2219.62214	0.97609
2219.62403	0.97682
2219.62591	0.97731
2219.62779	0.9776
2219.62968	0.97771
2219.63156	0.97767
2219.63344	0.97751
2219.63533	0.97728
2219.63721	0.97702
2219.63909	0.97675
2219.64098	0.9765
2219.64286	0.97629
2219.64474	0.9761
2219.64663	0.97594
2219.64851	0.97579
2219.65039	0.97561
2219.65228	0.97537
2219.65416	0.97506
2219.65604	0.97463
2219.65793	0.97409
2219.65981	0.97342
2219.66169	0.97264
2219.66357	0.97176
2219.66546	0.9708
2219.66734	0.9698
2219.66922	0.9688
2219.67111	0.96784
2219.67299	0.96693
2219.67487	0.96613
2219.67676	0.96543
2219.67864	0.96486
2219.68052	0.96443
2219.68241	0.96415
2219.68429	0.964
2219.68617	0.96401
2219.68806	0.96417
2219.68994	0.9645
2219.69182	0.965
2219.69371	0.96568
2219.69559	0.96654
2219.69747	0.96759
2219.69936	0.96881
2219.70124	0.97019
2219.70312	0.97169
2219.70501	0.97328
2219.70689	0.9749
2219.70877	0.9765
2219.71066	0.97802
2219.71254	0.9794
2219.71442	0.98061
2219.71631	0.9816
2219.71819	0.98236
2219.72007	0.9829
2219.72196	0.98324
2219.72384	0.98339
2219.72572	0.98341
2219.72761	0.98335
2219.72949	0.98323
2219.73137	0.98311
2219.73326	0.98301
2219.73514	0.98294
2219.73702	0.98289
2219.73891	0.98286
2219.74079	0.98282
2219.74267	0.98272
2219.74456	0.98253
2219.74644	0.98223
2219.74832	0.98177
2219.75021	0.98115
2219.75209	0.98037
2219.75397	0.97944
2219.75586	0.97837
2219.75774	0.97722
2219.75962	0.97601
2219.7615	0.97479
2219.76339	0.9736
2219.76527	0.97248
2219.76715	0.97146
2219.76904	0.97054
2219.77092	0.96974
2219.7728	0.96904
2219.77469	0.96841
2219.77657	0.96782
2219.77845	0.96721
2219.78034	0.96651
2219.78222	0.96564
2219.7841	0.96449
2219.78599	0.96296
2219.78787	0.96092
2219.78975	0.95822
2219.79164	0.95471
2219.79352	0.95022
2219.7954	0.94461
2219.79729	0.93772
2219.79917	0.92941
2219.80105	0.91956
2219.80294	0.90808
2219.80482	0.89494
2219.8067	0.88012
2219.80859	0.86368
2219.81047	0.8457
2219.81235	0.82633
2219.81424	0.80577
2219.81612	0.78425
2219.818	0.76204
2219.81989	0.73945
2219.82177	0.71679
2219.82365	0.69441
2219.82554	0.67265
2219.82742	0.65184
2219.8293	0.63232
2219.83119	0.61441
2219.83307	0.59841
2219.83495	0.58459
2219.83684	0.57317
2219.83872	0.56438
2219.8406	0.55834
2219.84249	0.55519
2219.84437	0.55495
2219.84625	0.55764
2219.84814	0.5632
2219.85002	0.57149
2219.8519	0.58236
2219.85379	0.59558
2219.85567	0.61089
2219.85755	0.628
2219.85943	0.6466
2219.86132	0.66635
2219.8632	0.68693
2219.86508	0.70802
2219.86697	0.7293
2219.86885	0.7505
2219.87073	0.77136
2219.87262	0.79164
2219.8745	0.81115
2219.87638	0.82971
2219.87827	0.84718
2219.88015	0.86344
2219.88203	0.87842
2219.88392	0.89204
2219.8858	0.90429
2219.88768	0.91514
2219.88957	0.92463
2219.89145	0.93281
2219.89333	0.93974
2219.89522	0.94552
2219.8971	0.95026
2219.89898	0.9541
2219.90087	0.95716
2219.90275	0.95957
2219.90463	0.96147
2219.90652	0.96297
2219.9084	0.96417
2219.91028	0.96514
2219.91217	0.96594
2219.91405	0.96659
2219.91593	0.96713
2219.91782	0.96755
2219.9197	0.96785
2219.92158	0.96802
2219.92347	0.96805
2219.92535	0.96794
2219.92723	0.9677
2219.92912	0.96735
2219.931	0.96691
2219.93288	0.96642
2219.93477	0.96592
2219.93665	0.96544
2219.93853	0.96501
2219.94042	0.96467
2219.9423	0.96443
2219.94418	0.96431
2219.94607	0.9643
2219.94795	0.96441
2219.94983	0.96462
2219.95172	0.96492
2219.9536	0.96531
2219.95548	0.96578
2219.95736	0.96632
2219.95925	0.96694
2219.96113	0.96764
2219.96301	0.96842
2219.9649	0.96928
2219.96678	0.97022
2219.96866	0.97123
2219.97055	0.97229
2219.97243	0.9734
2219.97431	0.9745
2219.9762	0.97558
2219.97808	0.9766
2219.97996	0.97752
2219.98185	0.9783
2219.98373	0.97894
2219.98561	0.97941
2219.9875	0.97971
2219.98938	0.97985
2219.99126	0.97984
2219.99315	0.97972
2219.99503	0.97952
2219.99691	0.97927
2219.9988	0.97901
2220.00068	0.97877
2220.00256	0.97859
2220.00445	0.97847
2220.00633	0.97844
2220.00821	0.97849
2220.0101	0.97863
2220.01198	0.97883
2220.01386	0.9791
2220.01575	0.97939
2220.01763	0.9797
2220.01951	0.98001
2220.0214	0.98029
2220.02328	0.98053
2220.02516	0.98073
2220.02705	0.98087
2220.02893	0.98095
2220.03081	0.98099
2220.0327	0.98098
2220.03458	0.98095
2220.03646	0.98091
2220.03835	0.98088
2220.04023	0.98086
2220.04211	0.98088
2220.044	0.98095
2220.04588	0.98106
2220.04776	0.98123
2220.04965	0.98144
2220.05153	0.98168
2220.05341	0.98193
2220.05529	0.98218
2220.05718	0.98241
2220.05906	0.9826
2220.06094	0.98273
2220.06283	0.98278
2220.06471	0.98275
2220.06659	0.98265
2220.06848	0.98247
2220.07036	0.98223
2220.07224	0.98194
2220.07413	0.98162
2220.07601	0.98129
2220.07789	0.98097
2220.07978	0.98068
2220.08166	0.98043
2220.08354	0.98023
2220.08543	0.98009
2220.08731	0.98001
2220.08919	0.97999
2220.09108	0.98003
2220.09296	0.98013
2220.09484	0.98029
2220.09673	0.98049
2220.09861	0.98074
2220.10049	0.98103
2220.10238	0.98135
2220.10426	0.9817
2220.10614	0.98206
2220.10803	0.98242
2220.10991	0.98276
2220.11179	0.98307
2220.11368	0.98333
2220.11556	0.98354
2220.11744	0.98367
2220.11933	0.98374
2220.12121	0.98375
2220.12309	0.98371
2220.12498	0.98363
2220.12686	0.98354
2220.12874	0.98346
2220.13063	0.98342
2220.13251	0.98342
2220.13439	0.98348
2220.13628	0.9836
2220.13816	0.98377
2220.14004	0.98398
2220.14193	0.98419
2220.14381	0.98438
2220.14569	0.98452
2220.14758	0.98456
2220.14946	0.9845
2220.15134	0.98432
2220.15323	0.98401
2220.15511	0.98358
2220.15699	0.98306
2220.15887	0.98247
2220.16076	0.98186
2220.16264	0.98128
2220.16452	0.98075
2220.16641	0.98033
2220.16829	0.98004
2220.17017	0.9799
2220.17206	0.97991
2220.17394	0.98007
2220.17582	0.98035
2220.17771	0.98072
2220.17959	0.98114
2220.18147	0.98158
2220.18336	0.98199
2220.18524	0.98233
2220.18712	0.98257
2220.18901	0.9827
2220.19089	0.98269
2220.19277	0.98257
2220.19466	0.98232
2220.19654	0.98199
2220.19842	0.9816
2220.20031	0.98119
2220.20219	0.98079
2220.20407	0.98044
2220.20596	0.98019
2220.20784	0.98006
2220.20972	0.98007
2220.21161	0.98024
2220.21349	0.98058
2220.21537	0.98107
2220.21726	0.98171
2220.21914	0.98246
2220.22102	0.98328
2220.22291	0.98415
2220.22479	0.98502
2220.22667	0.98585
2220.22856	0.9866
2220.23044	0.98724
2220.23232	0.98775
2220.23421	0.9881
2220.23609	0.9883
2220.23797	0.98834
2220.23986	0.98825
2220.24174	0.98805
2220.24362	0.98774
2220.24551	0.98738
2220.24739	0.98697
2220.24927	0.98655
2220.25116	0.98614
2220.25304	0.98576
2220.25492	0.98542
2220.2568	0.98513
2220.25869	0.98489
2220.26057	0.98471
2220.26245	0.98458
2220.26434	0.98449
2220.26622	0.98444
2220.2681	0.98442
2220.26999	0.98441
2220.27187	0.98439
2220.27375	0.98434
2220.27564	0.98424
2220.27752	0.98406
2220.2794	0.98379
2220.28129	0.98339
2220.28317	0.98286
2220.28505	0.98218
2220.28694	0.98134
2220.28882	0.98036
2220.2907	0.97924
2220.29259	0.97801
2220.29447	0.9767
2220.29635	0.97532
2220.29824	0.97392
2220.30012	0.97251
2220.302	0.97112
2220.30389	0.96975
2220.30577	0.9684
2220.30765	0.96706
2220.30954	0.96572
2220.31142	0.96433
2220.3133	0.96288
2220.31519	0.96133
2220.31707	0.95966
2220.31895	0.95783
2220.32084	0.95584
2220.32272	0.95368
2220.3246	0.95133
2220.32649	0.94878
2220.32837	0.94603
2220.33025	0.94306
2220.33214	0.93982
2220.33402	0.93627
2220.3359	0.93231
2220.33779	0.92785
2220.33967	0.92276
2220.34155	0.91687
2220.34344	0.91003
2220.34532	0.90203
2220.3472	0.89268
2220.34909	0.88178
2220.35097	0.86913
2220.35285	0.85454
2220.35473	0.83785
2220.35662	0.81894
2220.3585	0.79769
2220.36038	0.77407
2220.36227	0.74806
2220.36415	0.71974
2220.36603	0.68924
2220.36792	0.65677
2220.3698	0.62263
2220.37168	0.58719
2220.37357	0.5509
2220.37545	0.5143
2220.37733	0.47798
2220.37922	0.44257
2220.3811	0.40875
2220.38298	0.37718
2220.38487	0.34852
2220.38675	0.32338
2220.38863	0.30229
2220.39052	0.28568
2220.3924	0.27391
2220.39428	0.26716
2220.39617	0.26555
2220.39805	0.26902
2220.39993	0.27743
2220.40182	0.29052
2220.4037	0.30793
2220.40558	0.32926
2220.40747	0.35403
2220.40935	0.38173
2220.41123	0.41185
2220.41312	0.44385
2220.415	0.47722
2220.41688	0.51146
2220.41877	0.54608
2220.42065	0.58064
2220.42253	0.6147
2220.42442	0.64789
2220.4263	0.67984
2220.42818	0.71027
2220.43007	0.7389
2220.43195	0.76555
2220.43383	0.79005
2220.43572	0.81232
2220.4376	0.83233
2220.43948	0.8501
2220.44137	0.8657
2220.44325	0.87927
2220.44513	0.89095
2220.44702	0.90092
2220.4489	0.90938
2220.45078	0.91652
2220.45266	0.92255
2220.45455	0.92764
2220.45643	0.93196
2220.45831	0.93564
2220.4602	0.93882
2220.46208	0.94158
2220.46396	0.94403
2220.46585	0.94621
2220.46773	0.9482
2220.46961	0.95003
2220.4715	0.95175
2220.47338	0.95336
2220.47526	0.95491
2220.47715	0.95638
2220.47903	0.95778
2220.48091	0.95911
2220.4828	0.96035
2220.48468	0.96149
2220.48656	0.9625
2220.48845	0.96338
2220.49033	0.96411
2220.49221	0.9647
2220.4941	0.96515
2220.49598	0.96548
2220.49786	0.96573
2220.49975	0.96591
2220.50163	0.96606
2220.50351	0.96621
2220.5054	0.96638
2220.50728	0.96657
2220.50916	0.96678
2220.51105	0.96697
2220.51293	0.96712
2220.51481	0.96716
2220.5167	0.96705
2220.51858	0.96672
2220.52046	0.9661
2220.52235	0.96514
2220.52423	0.96376
2220.52611	0.96192
2220.528	0.95956
2220.52988	0.95662
2220.53176	0.95305
2220.53365	0.94877
2220.53553	0.9437
2220.53741	0.93776
2220.5393	0.93085
2220.54118	0.92285
2220.54306	0.91367
2220.54495	0.90321
2220.54683	0.89139
2220.54871	0.87815
2220.5506	0.86348
2220.55248	0.8474
2220.55436	0.82998
2220.55624	0.81133
2220.55813	0.79162
2220.56001	0.77106
2220.56189	0.74987
2220.56378	0.72836
2220.56566	0.7068
2220.56754	0.68552
2220.56943	0.66484
2220.57131	0.64508
2220.57319	0.62657
2220.57508	0.60961
2220.57696	0.59451
2220.57884	0.58153
2220.58073	0.57093
2220.58261	0.56291
2220.58449	0.55766
2220.58638	0.55529
2220.58826	0.55588
2220.59014	0.55943
2220.59203	0.56588
2220.59391	0.57511
2220.59579	0.58693
2220.59768	0.6011
2220.59956	0.61731
2220.60144	0.63524
2220.60333	0.65451
2220.60521	0.67477
2220.60709	0.69564
2220.60898	0.71677
2220.61086	0.73785
2220.61274	0.7586
2220.61463	0.77877
2220.61651	0.79815
2220.61839	0.8166
2220.62028	0.834
2220.62216	0.85024
2220.62404	0.86528
2220.62593	0.87907
2220.62781	0.89161
2220.62969	0.90288
2220.63158	0.91291
2220.63346	0.92173
2220.63534	0.92938
2220.63723	0.93594
2220.63911	0.94148
2220.64099	0.94609
2220.64288	0.94989
2220.64476	0.95298
2220.64664	0.95548
2220.64853	0.95749
2220.65041	0.95913
2220.65229	0.96047
2220.65417	0.9616
2220.65606	0.96256
2220.65794	0.96339
2220.65982	0.96413
2220.66171	0.96478
2220.66359	0.96535
2220.66547	0.96587
2220.66736	0.96632
2220.66924	0.96674
2220.67112	0.96714
2220.67301	0.96756
2220.67489	0.96802
2220.67677	0.96856
2220.67866	0.96919
2220.68054	0.96994
2220.68242	0.9708
2220.68431	0.97179
2220.68619	0.97286
2220.68807	0.97398
2220.68996	0.97512
2220.69184	0.97623
2220.69372	0.97725
2220.69561	0.97814
2220.69749	0.97887
2220.69937	0.97941
2220.70126	0.97975
2220.70314	0.97989
2220.70502	0.97985
2220.70691	0.97965
2220.70879	0.97931
2220.71067	0.97888
2220.71256	0.97839
2220.71444	0.97786
2220.71632	0.97733
2220.71821	0.97682
2220.72009	0.97635
2220.72197	0.97592
2220.72386	0.97554
2220.72574	0.97521
2220.72762	0.97492
2220.72951	0.97466
2220.73139	0.97443
2220.73327	0.97422
2220.73516	0.974
2220.73704	0.97377
2220.73892	0.97351
2220.74081	0.97322
2220.74269	0.97288
2220.74457	0.97249
2220.74646	0.97206
2220.74834	0.9716
2220.75022	0.97111
2220.7521	0.97063
2220.75399	0.97019
2220.75587	0.96981
2220.75775	0.96953
2220.75964	0.96939
2220.76152	0.9694
2220.7634	0.96958
2220.76529	0.96994
2220.76717	0.97049
2220.76905	0.9712
2220.77094	0.97205
2220.77282	0.97302
2220.7747	0.97406
2220.77659	0.97515
2220.77847	0.97623
2220.78035	0.97728
2220.78224	0.97826
2220.78412	0.97913
2220.786	0.97987
2220.78789	0.98047
2220.78977	0.9809
2220.79165	0.98117
2220.79354	0.98127
2220.79542	0.98121
2220.7973	0.98099
2220.79919	0.98064
2220.80107	0.9802
2220.80295	0.97969
2220.80484	0.97917
2220.80672	0.97868
2220.8086	0.97827
2220.81049	0.97798
2220.81237	0.97786
2220.81425	0.97794
2220.81614	0.97822
2220.81802	0.97871
2220.8199	0.97937
2220.82179	0.98017
2220.82367	0.98106
2220.82555	0.98196
2220.82744	0.9828
2220.82932	0.98353
2220.8312	0.98409
2220.83309	0.98444
2220.83497	0.98456
2220.83685	0.98445
2220.83874	0.98414
2220.84062	0.98368
2220.8425	0.98311
2220.84439	0.9825
2220.84627	0.98191
2220.84815	0.9814
2220.85003	0.981
2220.85192	0.98075
2220.8538	0.98066
2220.85568	0.98071
2220.85757	0.98088
2220.85945	0.98114
2220.86133	0.98146
2220.86322	0.9818
2220.8651	0.98214
2220.86698	0.98245
2220.86887	0.98274
2220.87075	0.983
2220.87263	0.98325
2220.87452	0.9835
2220.8764	0.98377
2220.87828	0.98406
2220.88017	0.9844
2220.88205	0.98478
2220.88393	0.98519
2220.88582	0.98561
2220.8877	0.98602
2220.88958	0.98638
2220.89147	0.98668
2220.89335	0.98688
2220.89523	0.98697
2220.89712	0.98693
2220.899	0.98677
2220.90088	0.98647
2220.90277	0.98606
2220.90465	0.98555
2220.90653	0.98494
2220.90842	0.98426
2220.9103	0.98351
2220.91218	0.9827
2220.91407	0.98185
2220.91595	0.98097
2220.91783	0.98005
2220.91972	0.97912
2220.9216	0.97818
2220.92348	0.97725
2220.92537	0.97636
2220.92725	0.97551
2220.92913	0.97474
2220.93102	0.97406
2220.9329	0.97348
2220.93478	0.97302
2220.93667	0.97266
2220.93855	0.9724
2220.94043	0.97222
2220.94232	0.97212
2220.9442	0.97206
2220.94608	0.97203
2220.94797	0.97201
2220.94985	0.97199
2220.95173	0.97197
2220.95361	0.97196
2220.9555	0.97197
2220.95738	0.97201
2220.95926	0.97213
2220.96115	0.97232
2220.96303	0.97262
2220.96491	0.97304
2220.9668	0.97358
2220.96868	0.97426
2220.97056	0.97505
2220.97245	0.97596
2220.97433	0.97697
2220.97621	0.97806
2220.9781	0.97921
2220.97998	0.98042
2220.98186	0.98167
2220.98375	0.98294
2220.98563	0.98424
2220.98751	0.98554
2220.9894	0.98683
2220.99128	0.9881
2220.99316	0.98934
2220.99505	0.99053
2220.99693	0.99163
2220.99881	0.99264
2221.0007	0.99354
2221.00258	0.9943
2221.00446	0.99492
2221.00635	0.9954
2221.00823	0.99574
2221.01011	0.99595
2221.012	0.99605
2221.01388	0.99607
2221.01576	0.99602
2221.01765	0.99592
2221.01953	0.99579
2221.02141	0.99563
2221.0233	0.99546
2221.02518	0.99526
2221.02706	0.99502
2221.02895	0.99474
2221.03083	0.9944
2221.03271	0.994
2221.0346	0.99353
2221.03648	0.99299
2221.03836	0.9924
2221.04025	0.99177
2221.04213	0.99113
2221.04401	0.9905
2221.0459	0.98991
2221.04778	0.98938
2221.04966	0.98894
2221.05154	0.98859
2221.05343	0.98835
2221.05531	0.9882
2221.05719	0.98815
2221.05908	0.98817
2221.06096	0.98826
2221.06284	0.9884
2221.06473	0.98858
2221.06661	0.98879
2221.06849	0.98902
2221.07038	0.98928
2221.07226	0.98957
2221.07414	0.98991
2221.07603	0.9903
2221.07791	0.99076
2221.07979	0.99128
2221.08168	0.99186
2221.08356	0.99251
2221.08544	0.99321
2221.08733	0.99394
2221.08921	0.99467
2221.09109	0.99537
2221.09298	0.99601
2221.09486	0.99655
2221.09674	0.99696
2221.09863	0.99721
2221.10051	0.99728
2221.10239	0.99717
2221.10428	0.99687
2221.10616	0.99638
2221.10804	0.99574
2221.10993	0.99496
2221.11181	0.99409
2221.11369	0.99315
2221.11558	0.99218
2221.11746	0.99123
2221.11934	0.9903
2221.12123	0.98944
2221.12311	0.98863
2221.12499	0.98788
2221.12688	0.98717
2221.12876	0.98648
2221.13064	0.98578
2221.13253	0.98504
2221.13441	0.98424
2221.13629	0.98336
2221.13818	0.9824
2221.14006	0.98136
2221.14194	0.98026
2221.14383	0.97912
2221.14571	0.978
2221.14759	0.97692
2221.14947	0.97593
2221.15136	0.97506
2221.15324	0.97433
2221.15512	0.97374
2221.15701	0.97329
2221.15889	0.97295
2221.16077	0.97268
2221.16266	0.97244
2221.16454	0.97218
2221.16642	0.97186
2221.16831	0.97143
2221.17019	0.97088
2221.17207	0.9702
2221.17396	0.96938
2221.17584	0.96843
2221.17772	0.96738
2221.17961	0.96623
2221.18149	0.965
2221.18337	0.96368
2221.18526	0.96223
2221.18714	0.96062
2221.18902	0.95878
2221.19091	0.95662
2221.19279	0.95404
2221.19467	0.95093
2221.19656	0.94718
2221.19844	0.94267
2221.20032	0.93728
2221.20221	0.9309
2221.20409	0.92342
2221.20597	0.91472
2221.20786	0.90469
2221.20974	0.89321
2221.21162	0.88015
2221.21351	0.86538
2221.21539	0.84874
2221.21727	0.83012
2221.21916	0.80941
2221.22104	0.78652
2221.22292	0.76142
2221.22481	0.73417
2221.22669	0.70489
2221.22857	0.6738
2221.23046	0.64123
2221.23234	0.60759
2221.23422	0.57341
2221.23611	0.53928
2221.23799	0.50585
2221.23987	0.4738
2221.24176	0.4438
2221.24364	0.4165
2221.24552	0.39248
2221.2474	0.37225
2221.24929	0.3562
2221.25117	0.34461
2221.25305	0.33763
2221.25494	0.3353
2221.25682	0.33752
2221.2587	0.34409
2221.26059	0.35469
2221.26247	0.36895
2221.26435	0.38639
2221.26624	0.4065
2221.26812	0.42872
2221.27	0.45247
2221.27189	0.47715
2221.27377	0.50214
2221.27565	0.52686
2221.27754	0.55074
2221.27942	0.57324
2221.2813	0.59386
2221.28319	0.6122
2221.28507	0.6279
2221.28695	0.64068
2221.28884	0.65037
2221.29072	0.65689
2221.2926	0.66024
2221.29449	0.66053
2221.29637	0.65794
2221.29825	0.65276
2221.30014	0.64532
2221.30202	0.636
2221.3039	0.62525
2221.30579	0.61353
2221.30767	0.6013
2221.30955	0.58906
2221.31144	0.57726
2221.31332	0.56636
2221.3152	0.55676
2221.31709	0.54886
2221.31897	0.54296
2221.32085	0.53935
2221.32274	0.53823
2221.32462	0.53974
2221.3265	0.54394
2221.32839	0.55083
2221.33027	0.56031
2221.33215	0.57225
2221.33404	0.58644
2221.33592	0.60261
2221.3378	0.62046
2221.33969	0.63967
2221.34157	0.6599
2221.34345	0.68081
2221.34534	0.70209
2221.34722	0.72343
2221.3491	0.74455
2221.35098	0.76523
2221.35287	0.78525
2221.35475	0.80444
2221.35663	0.82267
2221.35852	0.83982
2221.3604	0.85582
2221.36228	0.87061
2221.36417	0.88414
2221.36605	0.8964
2221.36793	0.90739
2221.36982	0.91712
2221.3717	0.92565
2221.37358	0.93303
2221.37547	0.93934
2221.37735	0.94466
2221.37923	0.94909
2221.38112	0.95275
2221.383	0.95575
2221.38488	0.95819
2221.38677	0.96016
2221.38865	0.96175
2221.39053	0.96304
2221.39242	0.96408
2221.3943	0.96491
2221.39618	0.96558
2221.39807	0.96611
2221.39995	0.96652
2221.40183	0.96682
2221.40372	0.96705
2221.4056	0.96722
2221.40748	0.96735
2221.40937	0.96748
2221.41125	0.96761
2221.41313	0.96776
2221.41502	0.96795
2221.4169	0.96818
2221.41878	0.96845
2221.42067	0.96874
2221.42255	0.96903
2221.42443	0.96932
2221.42632	0.96957
2221.4282	0.96979
2221.43008	0.96996
2221.43197	0.97008
2221.43385	0.97018
2221.43573	0.97027
2221.43762	0.97038
2221.4395	0.97053
2221.44138	0.97074
2221.44327	0.97105
2221.44515	0.97145
2221.44703	0.97195
2221.44891	0.97254
2221.4508	0.97319
2221.45268	0.97387
2221.45456	0.97456
2221.45645	0.97521
2221.45833	0.97581
2221.46021	0.97632
2221.4621	0.97673
2221.46398	0.97704
2221.46586	0.97725
2221.46775	0.97739
2221.46963	0.97746
2221.47151	0.9775
2221.4734	0.97753
2221.47528	0.97757
2221.47716	0.97763
2221.47905	0.97774
2221.48093	0.97787
2221.48281	0.97805
2221.4847	0.97825
2221.48658	0.97846
2221.48846	0.97867
2221.49035	0.97888
2221.49223	0.97905
2221.49411	0.97919
2221.496	0.97928
2221.49788	0.97932
2221.49976	0.97931
2221.50165	0.97923
2221.50353	0.97909
2221.50541	0.97889
2221.5073	0.97863
2221.50918	0.9783
2221.51106	0.97793
2221.51295	0.97752
2221.51483	0.97707
2221.51671	0.97661
2221.5186	0.97614
2221.52048	0.97567
2221.52236	0.97522
2221.52425	0.97478
2221.52613	0.97435
2221.52801	0.97391
2221.5299	0.97346
2221.53178	0.97297
2221.53366	0.9724
2221.53555	0.97173
2221.53743	0.97094
2221.53931	0.97001
2221.5412	0.96893
2221.54308	0.96769
2221.54496	0.96633
2221.54684	0.96487
2221.54873	0.96336
2221.55061	0.96183
2221.55249	0.96036
2221.55438	0.959
2221.55626	0.95781
2221.55814	0.95683
2221.56003	0.95611
2221.56191	0.95566
2221.56379	0.95552
2221.56568	0.95567
2221.56756	0.95611
2221.56944	0.95683
2221.57133	0.95779
2221.57321	0.95898
2221.57509	0.96035
2221.57698	0.96188
2221.57886	0.96353
2221.58074	0.96527
2221.58263	0.96706
2221.58451	0.96887
2221.58639	0.97067
2221.58828	0.97242
2221.59016	0.97411
2221.59204	0.97569
2221.59393	0.97716
2221.59581	0.97848
2221.59769	0.97965
2221.59958	0.98067
2221.60146	0.98154
2221.60334	0.98227
2221.60523	0.98288
2221.60711	0.98339
2221.60899	0.98383
2221.61088	0.98422
2221.61276	0.98459
2221.61464	0.98496
2221.61653	0.98533
2221.61841	0.98573
2221.62029	0.98615
2221.62218	0.98658
2221.62406	0.98703
2221.62594	0.98749
2221.62783	0.98793
2221.62971	0.98835
2221.63159	0.98873
2221.63348	0.98907
2221.63536	0.98935
2221.63724	0.98957
2221.63913	0.98972
2221.64101	0.9898
2221.64289	0.98982
2221.64477	0.98977
2221.64666	0.98966
2221.64854	0.9895
2221.65042	0.9893
2221.65231	0.98909
2221.65419	0.98887
2221.65607	0.98866
2221.65796	0.98849
2221.65984	0.98837
2221.66172	0.98832
2221.66361	0.98834
2221.66549	0.98843
2221.66737	0.98859
2221.66926	0.98881
2221.67114	0.98905
2221.67302	0.98931
2221.67491	0.98954
2221.67679	0.98973
2221.67867	0.98986
2221.68056	0.9899
2221.68244	0.98985
2221.68432	0.98971
2221.68621	0.9895
2221.68809	0.98923
2221.68997	0.98894
2221.69186	0.98865
2221.69374	0.98839
2221.69562	0.98817
2221.69751	0.98801
2221.69939	0.98792
2221.70127	0.98788
2221.70316	0.98787
2221.70504	0.98789
2221.70692	0.98788
2221.70881	0.98784
2221.71069	0.98774
2221.71257	0.98756
2221.71446	0.98731
2221.71634	0.98699
2221.71822	0.98663
2221.72011	0.98625
2221.72199	0.9859
2221.72387	0.98561
2221.72576	0.98543
2221.72764	0.98539
2221.72952	0.9855
2221.73141	0.98579
2221.73329	0.98624
2221.73517	0.98683
2221.73706	0.98754
2221.73894	0.98833
2221.74082	0.98915
2221.74271	0.98997
2221.74459	0.99075
2221.74647	0.99146
2221.74835	0.99207
2221.75024	0.99259
2221.75212	0.99302
2221.754	0.99337
2221.75589	0.99367
2221.75777	0.99394
2221.75965	0.99421
2221.76154	0.9945
2221.76342	0.99483
2221.7653	0.99521
2221.76719	0.99563
2221.76907	0.99609
2221.77095	0.99656
2221.77284	0.99703
2221.77472	0.99746
2221.7766	0.99784
2221.77849	0.99814
2221.78037	0.99834
2221.78225	0.99844
2221.78414	0.99844
2221.78602	0.99836
2221.7879	0.99822
2221.78979	0.99806
2221.79167	0.99789
2221.79355	0.99775
2221.79544	0.99768
2221.79732	0.99769
2221.7992	0.99779
2221.80109	0.99799
2221.80297	0.99827
2221.80485	0.99861
2221.80674	0.99899
2221.80862	0.99936
2221.8105	0.99967
2221.81239	0.9999
2221.81427	1
2221.81615	0.99995
2221.81804	0.99972
2221.81992	0.99932
2221.8218	0.99875
2221.82369	0.99804
2221.82557	0.99722
2221.82745	0.99633
2221.82934	0.99541
2221.83122	0.99452
2221.8331	0.9937
2221.83499	0.99299
2221.83687	0.99243
2221.83875	0.99202
2221.84064	0.99178
2221.84252	0.9917
2221.8444	0.99178
2221.84628	0.99198
2221.84817	0.99227
2221.85005	0.99263
2221.85193	0.99301
2221.85382	0.99337
2221.8557	0.99369
2221.85758	0.99394
2221.85947	0.9941
2221.86135	0.99416
2221.86323	0.99412
2221.86512	0.99398
2221.867	0.99376
2221.86888	0.99348
2221.87077	0.99316
2221.87265	0.99283
2221.87453	0.9925
2221.87642	0.99221
2221.8783	0.99195
2221.88018	0.99175
2221.88207	0.99161
2221.88395	0.99151
2221.88583	0.99145
2221.88772	0.99142
2221.8896	0.99139
2221.89148	0.99136
2221.89337	0.99132
2221.89525	0.99124
2221.89713	0.99115
2221.89902	0.99103
2221.9009	0.99092
2221.90278	0.99082
2221.90467	0.99076
2221.90655	0.99077
2221.90843	0.99084
2221.91032	0.99101
2221.9122	0.99127
2221.91408	0.99161
2221.91597	0.99201
2221.91785	0.99244
2221.91973	0.99289
2221.92162	0.9933
2221.9235	0.99365
2221.92538	0.99391
2221.92727	0.99406
2221.92915	0.99411
2221.93103	0.99405
2221.93292	0.9939
2221.9348	0.9937
2221.93668	0.99346
2221.93857	0.99321
2221.94045	0.99298
2221.94233	0.99279
2221.94421	0.99263
2221.9461	0.99249
2221.94798	0.99235
2221.94986	0.99218
2221.95175	0.99195
2221.95363	0.99162
2221.95551	0.99116
2221.9574	0.99056
2221.95928	0.9898
2221.96116	0.9889
2221.96305	0.98789
2221.96493	0.9868
2221.96681	0.98567
2221.9687	0.98455
2221.97058	0.98349
2221.97246	0.98252
2221.97435	0.98164
2221.97623	0.98087
2221.97811	0.98018
2221.98	0.97953
2221.98188	0.97888
2221.98376	0.97816
2221.98565	0.9773
2221.98753	0.97621
2221.98941	0.97483
2221.9913	0.97306
2221.99318	0.97082
2221.99506	0.96804
2221.99695	0.96461
2221.99883	0.96043
2222.00071	0.9554
2222.0026	0.94941
2222.00448	0.94231
2222.00636	0.934
2222.00825	0.92435
2222.01013	0.91326
2222.01201	0.90064
2222.0139	0.88645
2222.01578	0.87069
2222.01766	0.85341
2222.01955	0.83472
2222.02143	0.81478
2222.02331	0.79381
2222.0252	0.77206
2222.02708	0.74984
2222.02896	0.72744
2222.03085	0.70521
2222.03273	0.68345
2222.03461	0.66246
2222.0365	0.64254
2222.03838	0.62393
2222.04026	0.60684
2222.04214	0.59145
2222.04403	0.57791
2222.04591	0.56632
2222.04779	0.55676
2222.04968	0.54925
2222.05156	0.54379
2222.05344	0.54031
2222.05533	0.5387
2222.05721	0.5388
2222.05909	0.54036
2222.06098	0.54309
2222.06286	0.54663
2222.06474	0.55058
2222.06663	0.55449
2222.06851	0.55788
2222.07039	0.56029
2222.07228	0.56131
2222.07416	0.56054
2222.07604	0.55771
2222.07793	0.55263
2222.07981	0.54525
2222.08169	0.53564
2222.08358	0.52401
2222.08546	0.5107
2222.08734	0.49615
2222.08923	0.48089
2222.09111	0.46552
2222.09299	0.45066
2222.09488	0.43692
2222.09676	0.4249
2222.09864	0.41511
2222.10053	0.40801
2222.10241	0.40397
2222.10429	0.40324
2222.10618	0.40597
2222.10806	0.41222
2222.10994	0.42196
2222.11183	0.43505
2222.11371	0.4513
2222.11559	0.47044
2222.11748	0.49215
2222.11936	0.51608
2222.12124	0.54183
2222.12313	0.56898
2222.12501	0.59712
2222.12689	0.6258
2222.12878	0.6546
2222.13066	0.68311
2222.13254	0.71094
2222.13443	0.73773
2222.13631	0.76318
2222.13819	0.78702
2222.14007	0.80905
2222.14196	0.82913
2222.14384	0.84719
2222.14572	0.86319
2222.14761	0.87717
2222.14949	0.88922
2222.15137	0.89947
2222.15326	0.90807
2222.15514	0.91519
2222.15702	0.92103
2222.15891	0.92578
2222.16079	0.92961
2222.16267	0.9327
2222.16456	0.93521
2222.16644	0.93728
2222.16832	0.93901
2222.17021	0.94051
2222.17209	0.94186
2222.17397	0.94311
2222.17586	0.94431
2222.17774	0.9455
2222.17962	0.94669
2222.18151	0.94789
2222.18339	0.94911
2222.18527	0.95034
2222.18716	0.95159
2222.18904	0.95282
2222.19092	0.95405
2222.19281	0.95524
2222.19469	0.95639
2222.19657	0.95747
2222.19846	0.95849
2222.20034	0.95942
2222.20222	0.96025
2222.20411	0.96098
2222.20599	0.96159
2222.20787	0.96208
2222.20976	0.96246
2222.21164	0.96272
2222.21352	0.96287
2222.21541	0.96292
2222.21729	0.9629
2222.21917	0.96281
2222.22106	0.96271
2222.22294	0.9626
2222.22482	0.96254
2222.22671	0.96256
2222.22859	0.96269
2222.23047	0.96297
2222.23236	0.96341
2222.23424	0.96403
2222.23612	0.96484
2222.23801	0.96582
2222.23989	0.96695
2222.24177	0.9682
2222.24365	0.96954
2222.24554	0.97091
2222.24742	0.97226
2222.2493	0.97355
2222.25119	0.97474
2222.25307	0.97578
2222.25495	0.97666
2222.25684	0.97735
2222.25872	0.97786
2222.2606	0.9782
2222.26249	0.97838
2222.26437	0.97843
2222.26625	0.97839
2222.26814	0.97829
2222.27002	0.97815
2222.2719	0.97802
2222.27379	0.97792
2222.27567	0.97787
2222.27755	0.97787
2222.27944	0.97794
2222.28132	0.97807
2222.2832	0.97824
2222.28509	0.97844
2222.28697	0.97866
2222.28885	0.97885
2222.29074	0.97901
2222.29262	0.9791
2222.2945	0.9791
2222.29639	0.97901
2222.29827	0.97879
2222.30015	0.97846
2222.30204	0.97802
2222.30392	0.97747
2222.3058	0.97684
2222.30769	0.97616
2222.30957	0.97545
2222.31145	0.97476
2222.31334	0.97413
2222.31522	0.97359
2222.3171	0.97317
2222.31899	0.97292
2222.32087	0.97284
2222.32275	0.97296
2222.32464	0.97328
2222.32652	0.9738
2222.3284	0.97449
2222.33029	0.97535
2222.33217	0.97633
2222.33405	0.9774
2222.33594	0.97853
2222.33782	0.97968
2222.3397	0.9808
2222.34158	0.98185
2222.34347	0.98281
2222.34535	0.98362
2222.34723	0.98427
2222.34912	0.98474
2222.351	0.985
2222.35288	0.98506
2222.35477	0.98491
2222.35665	0.98457
2222.35853	0.98405
2222.36042	0.98338
2222.3623	0.9826
2222.36418	0.98175
2222.36607	0.98088
2222.36795	0.98004
2222.36983	0.97927
2222.37172	0.97861
2222.3736	0.97809
2222.37548	0.97775
2222.37737	0.97758
2222.37925	0.9776
2222.38113	0.9778
2222.38302	0.97814
2222.3849	0.97861
2222.38678	0.97918
2222.38867	0.97981
2222.39055	0.98048
2222.39243	0.98115
2222.39432	0.98181
2222.3962	0.98243
2222.39808	0.983
2222.39997	0.98353
2222.40185	0.984
2222.40373	0.98442
2222.40562	0.98477
2222.4075	0.98506
2222.40938	0.98528
2222.41127	0.98542
2222.41315	0.98547
2222.41503	0.98544
2222.41692	0.9853
2222.4188	0.98507
2222.42068	0.98476
2222.42257	0.98438
2222.42445	0.98395
2222.42633	0.98351
2222.42822	0.98309
2222.4301	0.98271
2222.43198	0.98242
2222.43387	0.98224
2222.43575	0.98218
2222.43763	0.98225
2222.43951	0.98243
2222.4414	0.98272
2222.44328	0.98307
2222.44516	0.98346
2222.44705	0.98385
2222.44893	0.9842
2222.45081	0.98449
2222.4527	0.98469
2222.45458	0.9848
2222.45646	0.98484
2222.45835	0.98481
2222.46023	0.98475
2222.46211	0.98469
2222.464	0.98469
2222.46588	0.98477
2222.46776	0.98496
2222.46965	0.98529
2222.47153	0.98576
2222.47341	0.98637
2222.4753	0.98709
2222.47718	0.98788
2222.47906	0.98872
2222.48095	0.98954
2222.48283	0.99031
2222.48471	0.99096
2222.4866	0.99148
2222.48848	0.99183
2222.49036	0.99199
2222.49225	0.99197
2222.49413	0.99178
2222.49601	0.99144
2222.4979	0.99099
2222.49978	0.99047
2222.50166	0.98993
2222.50355	0.9894
2222.50543	0.98894
2222.50731	0.98859
2222.5092	0.98837
2222.51108	0.9883
2222.51296	0.98841
2222.51485	0.9887
2222.51673	0.98915
2222.51861	0.98975
2222.5205	0.99048
2222.52238	0.9913
2222.52426	0.99218
2222.52615	0.99307
2222.52803	0.99393
2222.52991	0.99472
2222.5318	0.99541
2222.53368	0.99596
2222.53556	0.99634
2222.53744	0.99654
2222.53933	0.99655
2222.54121	0.99638
2222.54309	0.99601
2222.54498	0.99549
2222.54686	0.99482
2222.54874	0.99403
2222.55063	0.99317
2222.55251	0.99226
2222.55439	0.99134
2222.55628	0.99045
2222.55816	0.98962
2222.56004	0.98888
2222.56193	0.98826
2222.56381	0.98777
2222.56569	0.98742
2222.56758	0.98722
2222.56946	0.98717
2222.57134	0.98724
2222.57323	0.98743
2222.57511	0.98769
2222.57699	0.98801
2222.57888	0.98834
2222.58076	0.98866
2222.58264	0.98893
2222.58453	0.98912
2222.58641	0.98923
2222.58829	0.98925
2222.59018	0.98918
2222.59206	0.98904
2222.59394	0.98885
2222.59583	0.98864
2222.59771	0.98844
2222.59959	0.98829
2222.60148	0.98821
2222.60336	0.98823
2222.60524	0.98836
2222.60713	0.9886
2222.60901	0.98894
2222.61089	0.98936
2222.61278	0.98983
2222.61466	0.99033
2222.61654	0.99083
2222.61843	0.9913
2222.62031	0.99171
2222.62219	0.99206
2222.62408	0.99233
2222.62596	0.99253
2222.62784	0.99267
2222.62973	0.99276
2222.63161	0.99281
2222.63349	0.99285
2222.63538	0.99289
2222.63726	0.99293
2222.63914	0.99298
2222.64102	0.99304
2222.64291	0.9931
2222.64479	0.99315
2222.64667	0.99318
2222.64856	0.99318
2222.65044	0.99315
2222.65232	0.99307
2222.65421	0.99294
2222.65609	0.99277
2222.65797	0.99257
2222.65986	0.99233
2222.66174	0.99206
2222.66362	0.99178
2222.66551	0.99149
2222.66739	0.99119
2222.66927	0.9909
2222.67116	0.9906
2222.67304	0.99032
2222.67492	0.99005
2222.67681	0.9898
2222.67869	0.98958
2222.68057	0.98937
2222.68246	0.9892
2222.68434	0.98906
2222.68622	0.98895
2222.68811	0.98885
2222.68999	0.98876
2222.69187	0.98864
2222.69376	0.98849
2222.69564	0.98827
2222.69752	0.98795
2222.69941	0.98751
2222.70129	0.98693
2222.70317	0.98619
2222.70506	0.98527
2222.70694	0.98416
2222.70882	0.98283
2222.71071	0.98126
2222.71259	0.97941
2222.71447	0.97723
2222.71636	0.97462
2222.71824	0.9715
2222.72012	0.96773
2222.72201	0.96317
2222.72389	0.95765
2222.72577	0.951
2222.72766	0.94308
2222.72954	0.93373
2222.73142	0.92286
2222.73331	0.91039
2222.73519	0.89634
2222.73707	0.88073
2222.73895	0.86368
2222.74084	0.84535
2222.74272	0.82595
2222.7446	0.80574
2222.74649	0.78497
2222.74837	0.76395
2222.75025	0.74294
2222.75214	0.72222
2222.75402	0.70206
2222.7559	0.68266
2222.75779	0.66426
2222.75967	0.64702
2222.76155	0.63112
2222.76344	0.61673
2222.76532	0.60399
2222.7672	0.59305
2222.76909	0.58407
2222.77097	0.57719
2222.77285	0.57255
2222.77474	0.57027
2222.77662	0.57046
2222.7785	0.57317
2222.78039	0.57843
2222.78227	0.5862
2222.78415	0.59639
2222.78604	0.60884
2222.78792	0.62335
2222.7898	0.63966
2222.79169	0.65749
2222.79357	0.6765
2222.79545	0.69636
2222.79734	0.71675
2222.79922	0.73734
2222.8011	0.75785
2222.80299	0.778
2222.80487	0.79758
2222.80675	0.8164
2222.80864	0.83431
2222.81052	0.8512
2222.8124	0.86696
2222.81429	0.88155
2222.81617	0.89491
2222.81805	0.90703
2222.81994	0.91788
2222.82182	0.92747
2222.8237	0.93581
2222.82559	0.94295
2222.82747	0.94893
2222.82935	0.95382
2222.83124	0.9577
2222.83312	0.96068
2222.835	0.96288
2222.83688	0.96443
2222.83877	0.96545
2222.84065	0.96607
2222.84253	0.96643
2222.84442	0.96663
2222.8463	0.96676
2222.84818	0.9669
2222.85007	0.96711
2222.85195	0.96741
2222.85383	0.96782
2222.85572	0.96833
2222.8576	0.96892
2222.85948	0.96957
2222.86137	0.97025
2222.86325	0.97092
2222.86513	0.97156
2222.86702	0.97214
2222.8689	0.97264
2222.87078	0.97306
2222.87267	0.97337
2222.87455	0.9736
2222.87643	0.97372
2222.87832	0.97375
2222.8802	0.97368
2222.88208	0.97352
2222.88397	0.97324
2222.88585	0.97284
2222.88773	0.9723
2222.88962	0.97158
2222.8915	0.97065
2222.89338	0.96946
2222.89527	0.96796
2222.89715	0.96607
2222.89903	0.96373
2222.90092	0.96084
2222.9028	0.9573
2222.90468	0.95299
2222.90657	0.94778
2222.90845	0.94154
2222.91033	0.93413
2222.91222	0.92541
2222.9141	0.91524
2222.91598	0.90353
2222.91787	0.89017
2222.91975	0.87515
2222.92163	0.85847
2222.92352	0.84021
2222.9254	0.82051
2222.92728	0.7996
2222.92917	0.77777
2222.93105	0.75538
2222.93293	0.73286
2222.93481	0.71067
2222.9367	0.6893
2222.93858	0.66926
2222.94046	0.65103
2222.94235	0.63505
2222.94423	0.62172
2222.94611	0.61134
2222.948	0.60415
2222.94988	0.60026
2222.95176	0.59973
2222.95365	0.60248
2222.95553	0.60838
2222.95741	0.61722
2222.9593	0.62871
2222.96118	0.64255
2222.96306	0.6584
2222.96495	0.6759
2222.96683	0.69469
2222.96871	0.71443
2222.9706	0.73477
2222.97248	0.7554
2222.97436	0.77602
2222.97625	0.79634
2222.97813	0.8161
2222.98001	0.83507
2222.9819	0.85304
2222.98378	0.86982
2222.98566	0.88526
2222.98755	0.89925
2222.98943	0.91171
2222.99131	0.9226
2222.9932	0.93195
2222.99508	0.93982
2222.99696	0.94629
2222.99885	0.9515
2223.00073	0.9556
2223.00261	0.95877
2223.0045	0.96118
2223.00638	0.963
2223.00826	0.96438
2223.01015	0.96545
2223.01203	0.96632
2223.01391	0.96705
2223.0158	0.96769
2223.01768	0.96827
2223.01956	0.9688
2223.02145	0.96926
2223.02333	0.96965
2223.02521	0.96996
2223.0271	0.9702
2223.02898	0.97038
2223.03086	0.97051
2223.03275	0.97063
2223.03463	0.97077
2223.03651	0.97096
2223.03839	0.97123
2223.04028	0.97161
2223.04216	0.9721
2223.04404	0.97271
2223.04593	0.97341
2223.04781	0.97419
2223.04969	0.975
2223.05158	0.97581
2223.05346	0.97658
2223.05534	0.97727
2223.05723	0.97785
2223.05911	0.9783
2223.06099	0.97862
2223.06288	0.97881
2223.06476	0.97887
2223.06664	0.97885
2223.06853	0.97875
2223.07041	0.97861
2223.07229	0.97846
2223.07418	0.97832
2223.07606	0.97821
2223.07794	0.97815
2223.07983	0.97814
2223.08171	0.97818
2223.08359	0.97826
2223.08548	0.97838
2223.08736	0.97851
2223.08924	0.97865
2223.09113	0.97879
2223.09301	0.9789
2223.09489	0.97898
2223.09678	0.97904
2223.09866	0.97906
2223.10054	0.97904
2223.10243	0.97901
2223.10431	0.97896
2223.10619	0.9789
2223.10808	0.97885
2223.10996	0.97882
2223.11184	0.97881
2223.11373	0.97884
2223.11561	0.97891
2223.11749	0.97902
2223.11938	0.97918
2223.12126	0.97937
2223.12314	0.97959
2223.12503	0.97984
2223.12691	0.98011
2223.12879	0.9804
2223.13068	0.9807
2223.13256	0.98103
2223.13444	0.98137
2223.13632	0.98173
2223.13821	0.98213
2223.14009	0.98257
2223.14197	0.98306
2223.14386	0.9836
2223.14574	0.98419
2223.14762	0.98482
2223.14951	0.9855
2223.15139	0.98621
2223.15327	0.98693
2223.15516	0.98763
2223.15704	0.98831
2223.15892	0.98893
2223.16081	0.98948
2223.16269	0.98994
2223.16457	0.99031
2223.16646	0.99058
2223.16834	0.99074
2223.17022	0.99081
2223.17211	0.9908
2223.17399	0.99071
2223.17587	0.99055
2223.17776	0.99034
2223.17964	0.99008
2223.18152	0.98978
2223.18341	0.98945
2223.18529	0.98908
2223.18717	0.98867
2223.18906	0.98824
2223.19094	0.98777
2223.19282	0.98728
2223.19471	0.98677
2223.19659	0.98625
2223.19847	0.98575
2223.20036	0.98527
2223.20224	0.98484
2223.20412	0.98448
2223.20601	0.98421
2223.20789	0.98404
2223.20977	0.98398
2223.21166	0.98405
2223.21354	0.98425
2223.21542	0.98456
2223.21731	0.98498
2223.21919	0.9855
2223.22107	0.98609
2223.22296	0.98673
2223.22484	0.9874
2223.22672	0.98807
2223.22861	0.98872
2223.23049	0.98933
2223.23237	0.98989
2223.23425	0.99038
2223.23614	0.9908
2223.23802	0.99116
2223.2399	0.99145
2223.24179	0.99169
2223.24367	0.99191
2223.24555	0.99212
2223.24744	0.99234
2223.24932	0.99259
2223.2512	0.99289
2223.25309	0.99326
2223.25497	0.99368
2223.25685	0.99416
2223.25874	0.99467
2223.26062	0.9952
2223.2625	0.9957
2223.26439	0.99613
2223.26627	0.99646
2223.26815	0.99665
2223.27004	0.99666
2223.27192	0.99647
2223.2738	0.99608
2223.27569	0.99548
2223.27757	0.99471
2223.27945	0.9938
2223.28134	0.99279
2223.28322	0.99173
2223.2851	0.99068
2223.28699	0.98971
2223.28887	0.98884
2223.29075	0.98813
2223.29264	0.98758
2223.29452	0.98723
2223.2964	0.98705
2223.29829	0.98703
2223.30017	0.98716
2223.30205	0.9874
2223.30394	0.98772
2223.30582	0.98808
2223.3077	0.98847
2223.30959	0.98886
2223.31147	0.98924
2223.31335	0.9896
2223.31524	0.98993
2223.31712	0.99022
2223.319	0.99048
2223.32089	0.9907
2223.32277	0.99086
2223.32465	0.99095
2223.32654	0.99096
2223.32842	0.99086
2223.3303	0.99066
2223.33218	0.99034
2223.33407	0.98989
2223.33595	0.98933
2223.33783	0.98867
2223.33972	0.98794
2223.3416	0.98717
2223.34348	0.9864
2223.34537	0.98567
2223.34725	0.98502
2223.34913	0.98446
2223.35102	0.98402
2223.3529	0.98371
2223.35478	0.98353
2223.35667	0.98346
2223.35855	0.98348
2223.36043	0.98357
2223.36232	0.9837
2223.3642	0.98383
2223.36608	0.98396
2223.36797	0.98407
2223.36985	0.98414
2223.37173	0.98417
2223.37362	0.98417
2223.3755	0.98414
2223.37738	0.9841
2223.37927	0.98404
2223.38115	0.98397
2223.38303	0.98389
2223.38492	0.9838
2223.3868	0.9837
2223.38868	0.98358
2223.39057	0.98346
2223.39245	0.98333
2223.39433	0.9832
2223.39622	0.98309
2223.3981	0.98301
2223.39998	0.98299
2223.40187	0.98305
2223.40375	0.98318
2223.40563	0.98341
2223.40752	0.98371
2223.4094	0.98406
2223.41128	0.98444
2223.41317	0.98479
2223.41505	0.98506
2223.41693	0.98517
2223.41882	0.98507
2223.4207	0.98468
2223.42258	0.98394
2223.42447	0.9828
2223.42635	0.98121
2223.42823	0.97911
2223.43012	0.97646
2223.432	0.97323
2223.43388	0.96934
2223.43576	0.96474
2223.43765	0.95936
2223.43953	0.95311
2223.44141	0.94589
2223.4433	0.93762
2223.44518	0.92819
2223.44706	0.91753
2223.44895	0.90559
2223.45083	0.89234
2223.45271	0.87779
2223.4546	0.86201
2223.45648	0.84509
2223.45836	0.8272
2223.46025	0.80851
2223.46213	0.78925
2223.46401	0.76966
2223.4659	0.75
2223.46778	0.73053
2223.46966	0.71151
2223.47155	0.69317
2223.47343	0.67575
2223.47531	0.65944
2223.4772	0.64445
2223.47908	0.63094
2223.48096	0.61908
2223.48285	0.60902
2223.48473	0.60088
2223.48661	0.5948
2223.4885	0.59088
2223.49038	0.5892
2223.49226	0.58984
2223.49415	0.59282
2223.49603	0.59813
2223.49791	0.60572
2223.4998	0.61549
2223.50168	0.62729
2223.50356	0.64094
2223.50545	0.6562
2223.50733	0.67283
2223.50921	0.69054
2223.5111	0.70907
2223.51298	0.72813
2223.51486	0.74745
2223.51675	0.7668
2223.51863	0.78594
2223.52051	0.80469
2223.5224	0.82286
2223.52428	0.84032
2223.52616	0.85695
2223.52805	0.87263
2223.52993	0.88728
2223.53181	0.90083
2223.53369	0.91321
2223.53558	0.92438
2223.53746	0.93431
2223.53934	0.943
2223.54123	0.95046
2223.54311	0.95672
2223.54499	0.96185
2223.54688	0.96593
2223.54876	0.96907
2223.55064	0.97138
2223.55253	0.97298
2223.55441	0.97402
2223.55629	0.9746
2223.55818	0.97487
2223.56006	0.9749
2223.56194	0.97481
2223.56383	0.97464
2223.56571	0.97446
2223.56759	0.9743
2223.56948	0.97418
2223.57136	0.97412
2223.57324	0.97412
2223.57513	0.97418
2223.57701	0.97429
2223.57889	0.97446
2223.58078	0.97467
2223.58266	0.97492
2223.58454	0.9752
2223.58643	0.97549
2223.58831	0.9758
2223.59019	0.9761
2223.59208	0.9764
2223.59396	0.97668
2223.59584	0.97694
2223.59773	0.97719
2223.59961	0.97743
2223.60149	0.97768
2223.60338	0.97794
2223.60526	0.97824
2223.60714	0.97859
2223.60903	0.979
2223.61091	0.97948
2223.61279	0.98001
2223.61468	0.98059
2223.61656	0.98119
2223.61844	0.98179
2223.62033	0.98237
2223.62221	0.98289
2223.62409	0.98334
2223.62598	0.98369
2223.62786	0.98395
2223.62974	0.98413
2223.63162	0.98423
2223.63351	0.9843
2223.63539	0.98435
2223.63727	0.98442
2223.63916	0.98455
2223.64104	0.98474
2223.64292	0.98502
2223.64481	0.98537
2223.64669	0.98579
2223.64857	0.98624
2223.65046	0.98671
2223.65234	0.98715
2223.65422	0.98753
2223.65611	0.98781
2223.65799	0.98798
2223.65987	0.98803
2223.66176	0.98795
2223.66364	0.98776
2223.66552	0.98747
2223.66741	0.98713
2223.66929	0.98675
2223.67117	0.98636
2223.67306	0.98599
2223.67494	0.98566
2223.67682	0.98538
2223.67871	0.98517
2223.68059	0.98502
2223.68247	0.98493
2223.68436	0.9849
2223.68624	0.98492
2223.68812	0.98497
2223.69001	0.98506
2223.69189	0.98516
2223.69377	0.98528
2223.69566	0.98538
2223.69754	0.98547
2223.69942	0.98552
2223.70131	0.98551
2223.70319	0.98542
2223.70507	0.98523
2223.70696	0.98493
2223.70884	0.98452
2223.71072	0.98398
2223.71261	0.98333
2223.71449	0.9826
2223.71637	0.9818
2223.71826	0.98098
2223.72014	0.98017
2223.72202	0.97943
2223.72391	0.97879
2223.72579	0.97827
2223.72767	0.97792
2223.72955	0.97772
2223.73144	0.9777
2223.73332	0.97782
2223.7352	0.97807
2223.73709	0.97842
2223.73897	0.97883
2223.74085	0.97928
2223.74274	0.97972
2223.74462	0.98012
2223.7465	0.98048
2223.74839	0.98077
2223.75027	0.98099
2223.75215	0.98113
2223.75404	0.98119
2223.75592	0.98118
2223.7578	0.98111
2223.75969	0.98098
2223.76157	0.9808
2223.76345	0.98058
2223.76534	0.98034
2223.76722	0.98008
2223.7691	0.97982
2223.77099	0.97959
2223.77287	0.97941
2223.77475	0.9793
2223.77664	0.97929
2223.77852	0.97937
2223.7804	0.97958
2223.78229	0.97991
2223.78417	0.98034
2223.78605	0.98086
2223.78794	0.98145
2223.78982	0.98207
2223.7917	0.98268
2223.79359	0.98325
2223.79547	0.98374
2223.79735	0.98413
2223.79924	0.98441
2223.80112	0.98457
2223.803	0.98463
2223.80489	0.98461
2223.80677	0.98452
2223.80865	0.98441
2223.81054	0.98431
2223.81242	0.98424
2223.8143	0.98422
2223.81619	0.98428
2223.81807	0.98441
2223.81995	0.9846
2223.82184	0.98483
2223.82372	0.98509
2223.8256	0.98534
2223.82749	0.98555
2223.82937	0.98569
2223.83125	0.98575
2223.83313	0.98571
2223.83502	0.98555
2223.8369	0.98528
2223.83878	0.98489
2223.84067	0.98441
2223.84255	0.98384
2223.84443	0.98321
2223.84632	0.98253
2223.8482	0.98184
2223.85008	0.98114
2223.85197	0.98047
2223.85385	0.97983
2223.85573	0.97925
2223.85762	0.97873
2223.8595	0.97828
2223.86138	0.97791
2223.86327	0.97763
2223.86515	0.97742
2223.86703	0.9773
2223.86892	0.97727
2223.8708	0.97731
2223.87268	0.97745
2223.87457	0.97766
2223.87645	0.97797
2223.87833	0.97837
2223.88022	0.97887
2223.8821	0.97948
2223.88398	0.9802
2223.88587	0.98103
2223.88775	0.98195
2223.88963	0.98296
2223.89152	0.98404
2223.8934	0.98514
2223.89528	0.98623
2223.89717	0.98728
2223.89905	0.98824
2223.90093	0.98907
2223.90282	0.98975
2223.9047	0.99026
2223.90658	0.99059
2223.90847	0.99074
2223.91035	0.99076
2223.91223	0.99066
2223.91412	0.99051
2223.916	0.99034
2223.91788	0.9902
2223.91977	0.99014
2223.92165	0.99018
2223.92353	0.99035
2223.92542	0.99063
2223.9273	0.99102
2223.92918	0.99149
2223.93106	0.99198
2223.93295	0.99246
2223.93483	0.99287
2223.93671	0.99318
2223.9386	0.99335
2223.94048	0.99335
2223.94236	0.99317
2223.94425	0.99282
2223.94613	0.99232
2223.94801	0.99168
2223.9499	0.99094
2223.95178	0.99014
2223.95366	0.9893
2223.95555	0.98845
2223.95743	0.98762
2223.95931	0.98682
2223.9612	0.98606
2223.96308	0.98534
2223.96496	0.98467
2223.96685	0.98404
2223.96873	0.98345
2223.97061	0.98288
2223.9725	0.98235
2223.97438	0.98185
2223.97626	0.98137
2223.97815	0.98091
2223.98003	0.98048
2223.98191	0.98008
2223.9838	0.97972
2223.98568	0.97939
2223.98756	0.97912
2223.98945	0.9789
2223.99133	0.97877
2223.99321	0.97872
2223.9951	0.97877
2223.99698	0.97895
2223.99886	0.97925
2224.00075	0.97968
2224.00263	0.98024
2224.00451	0.98092
2224.0064	0.98169
2224.00828	0.98252
2224.01016	0.98337
2224.01205	0.9842
2224.01393	0.98496
2224.01581	0.98562
2224.0177	0.98615
2224.01958	0.98651
2224.02146	0.9867
2224.02335	0.98674
2224.02523	0.98663
2224.02711	0.98641
2224.02899	0.98612
2224.03088	0.98578
2224.03276	0.98545
2224.03464	0.98515
2224.03653	0.9849
2224.03841	0.98472
2224.04029	0.9846
2224.04218	0.98454
2224.04406	0.98453
2224.04594	0.98454
2224.04783	0.98456
2224.04971	0.98458
2224.05159	0.9846
2224.05348	0.98462
2224.05536	0.98465
2224.05724	0.98471
2224.05913	0.98482
2224.06101	0.98501
2224.06289	0.9853
2224.06478	0.98571
2224.06666	0.98623
2224.06854	0.98685
2224.07043	0.98757
2224.07231	0.98836
2224.07419	0.98917
2224.07608	0.98998
2224.07796	0.99074
2224.07984	0.99141
2224.08173	0.99197
2224.08361	0.99239
2224.08549	0.99266
2224.08738	0.99277
2224.08926	0.99273
2224.09114	0.99256
2224.09303	0.99226
2224.09491	0.99188
2224.09679	0.99144
2224.09868	0.99096
2224.10056	0.9905
2224.10244	0.99007
2224.10433	0.98971
2224.10621	0.98944
2224.10809	0.98929
2224.10998	0.98925
2224.11186	0.98935
2224.11374	0.98955
2224.11563	0.98984
2224.11751	0.99018
2224.11939	0.99052
2224.12128	0.99082
2224.12316	0.991
2224.12504	0.99102
2224.12692	0.99081
2224.12881	0.99032
2224.13069	0.98951
2224.13257	0.98833
2224.13446	0.98675
2224.13634	0.98473
2224.13822	0.98225
2224.14011	0.97926
2224.14199	0.9757
2224.14387	0.9715
2224.14576	0.96657
2224.14764	0.9608
2224.14952	0.95408
2224.15141	0.94628
2224.15329	0.93729
2224.15517	0.927
2224.15706	0.91534
2224.15894	0.90228
2224.16082	0.88784
2224.16271	0.87208
2224.16459	0.85512
2224.16647	0.83714
2224.16836	0.81836
2224.17024	0.799
2224.17212	0.77934
2224.17401	0.75964
2224.17589	0.74015
2224.17777	0.72112
2224.17966	0.70276
2224.18154	0.68525
2224.18342	0.66878
2224.18531	0.65348
2224.18719	0.6395
2224.18907	0.62696
2224.19096	0.61602
2224.19284	0.60682
2224.19472	0.59952
2224.19661	0.59427
2224.19849	0.59123
2224.20037	0.59054
2224.20226	0.5923
2224.20414	0.59657
2224.20602	0.60336
2224.20791	0.61259
2224.20979	0.62413
2224.21167	0.63778
2224.21356	0.65326
2224.21544	0.67025
2224.21732	0.68841
2224.21921	0.70738
2224.22109	0.72679
2224.22297	0.74631
2224.22485	0.76564
2224.22674	0.78454
2224.22862	0.80282
2224.2305	0.82033
2224.23239	0.83697
2224.23427	0.85269
2224.23615	0.86745
2224.23804	0.88124
2224.23992	0.89405
2224.2418	0.90587
2224.24369	0.91669
2224.24557	0.9265
2224.24745	0.93528
2224.24934	0.94301
2224.25122	0.94969
2224.2531	0.95534
2224.25499	0.95999
2224.25687	0.96369
2224.25875	0.96653
2224.26064	0.9686
2224.26252	0.97003
2224.2644	0.97094
2224.26629	0.97146
2224.26817	0.9717
2224.27005	0.97178
2224.27194	0.97179
2224.27382	0.97178
2224.2757	0.97182
2224.27759	0.97191
2224.27947	0.97209
2224.28135	0.97233
2224.28324	0.97265
2224.28512	0.97301
2224.287	0.97343
2224.28889	0.97389
2224.29077	0.97439
2224.29265	0.97494
2224.29454	0.97554
2224.29642	0.97619
2224.2983	0.97689
2224.30019	0.97765
2224.30207	0.97846
2224.30395	0.9793
2224.30584	0.98016
2224.30772	0.98102
2224.3096	0.98187
2224.31149	0.98268
2224.31337	0.98343
2224.31525	0.98413
2224.31714	0.98475
2224.31902	0.98531
2224.3209	0.9858
2224.32279	0.98623
2224.32467	0.9866
2224.32655	0.98692
2224.32843	0.98719
2224.33032	0.98741
2224.3322	0.98758
2224.33408	0.9877
2224.33597	0.98775
2224.33785	0.98775
2224.33973	0.98768
2224.34162	0.98754
2224.3435	0.98736
2224.34538	0.98713
2224.34727	0.98687
2224.34915	0.98662
2224.35103	0.98638
2224.35292	0.9862
2224.3548	0.9861
2224.35668	0.98609
2224.35857	0.9862
2224.36045	0.98644
2224.36233	0.9868
2224.36422	0.98729
2224.3661	0.98788
2224.36798	0.98854
2224.36987	0.98925
2224.37175	0.98996
2224.37363	0.99062
2224.37552	0.99121
2224.3774	0.99166
2224.37928	0.99194
2224.38117	0.99203
2224.38305	0.99189
2224.38493	0.99151
2224.38682	0.99091
2224.3887	0.99009
2224.39058	0.9891
2224.39247	0.98796
2224.39435	0.98673
2224.39623	0.98548
2224.39812	0.98427
2224.4	0.98315
2224.40188	0.9822
2224.40377	0.98145
2224.40565	0.98095
2224.40753	0.98071
2224.40942	0.98076
2224.4113	0.98107
2224.41318	0.98163
2224.41507	0.9824
2224.41695	0.98334
2224.41883	0.98439
2224.42072	0.98549
2224.4226	0.98658
2224.42448	0.98761
2224.42636	0.98854
2224.42825	0.98932
2224.43013	0.98992
2224.43201	0.99032
2224.4339	0.99053
2224.43578	0.99053
2224.43766	0.99036
2224.43955	0.99002
2224.44143	0.98955
2224.44331	0.98899
2224.4452	0.98837
2224.44708	0.98773
2224.44896	0.98711
2224.45085	0.98655
2224.45273	0.98607
2224.45461	0.9857
2224.4565	0.98545
2224.45838	0.98533
2224.46026	0.98532
2224.46215	0.98543
2224.46403	0.98564
2224.46591	0.98591
2224.4678	0.98621
2224.46968	0.98652
2224.47156	0.98682
2224.47345	0.98706
2224.47533	0.98723
2224.47721	0.98733
2224.4791	0.98734
2224.48098	0.98728
2224.48286	0.98715
2224.48475	0.98698
2224.48663	0.98679
2224.48851	0.9866
2224.4904	0.98645
2224.49228	0.98636
2224.49416	0.98635
2224.49605	0.98642
2224.49793	0.98658
2224.49981	0.98681
2224.5017	0.9871
2224.50358	0.98743
2224.50546	0.98777
2224.50735	0.98808
2224.50923	0.98833
2224.51111	0.98848
2224.513	0.98852
2224.51488	0.98841
2224.51676	0.98814
2224.51865	0.98772
2224.52053	0.98715
2224.52241	0.98643
2224.52429	0.98559
2224.52618	0.98466
2224.52806	0.98366
2224.52994	0.98263
2224.53183	0.98158
2224.53371	0.98054
2224.53559	0.97952
2224.53748	0.97853
2224.53936	0.97758
2224.54124	0.97664
2224.54313	0.97572
2224.54501	0.97477
2224.54689	0.97379
2224.54878	0.97275
2224.55066	0.97161
2224.55254	0.97036
2224.55443	0.96898
2224.55631	0.96745
2224.55819	0.96577
2224.56008	0.96393
2224.56196	0.96191
2224.56384	0.95971
2224.56573	0.9573
2224.56761	0.95464
2224.56949	0.95167
2224.57138	0.94831
2224.57326	0.94445
2224.57514	0.93995
2224.57703	0.93465
2224.57891	0.92839
2224.58079	0.92096
2224.58268	0.91219
2224.58456	0.90192
2224.58644	0.88999
2224.58833	0.87632
2224.59021	0.86087
2224.59209	0.84368
2224.59398	0.82488
2224.59586	0.80466
2224.59774	0.78332
2224.59963	0.76121
2224.60151	0.73878
2224.60339	0.7165
2224.60528	0.69488
2224.60716	0.67445
2224.60904	0.65569
2224.61093	0.63908
2224.61281	0.62502
2224.61469	0.61383
2224.61658	0.60575
2224.61846	0.60092
2224.62034	0.5994
2224.62222	0.60115
2224.62411	0.60606
2224.62599	0.61393
2224.62787	0.62451
2224.62976	0.63754
2224.63164	0.65268
2224.63352	0.66961
2224.63541	0.688
2224.63729	0.7075
2224.63917	0.72778
2224.64106	0.74851
2224.64294	0.76938
2224.64482	0.79008
2224.64671	0.81032
2224.64859	0.82983
2224.65047	0.84837
2224.65236	0.86572
2224.65424	0.88171
2224.65612	0.89618
2224.65801	0.90906
2224.65989	0.92029
2224.66177	0.9299
2224.66366	0.93794
2224.66554	0.94452
2224.66742	0.94978
2224.66931	0.95389
2224.67119	0.95703
2224.67307	0.9594
2224.67496	0.96117
2224.67684	0.96251
2224.67872	0.96357
2224.68061	0.96446
2224.68249	0.96528
2224.68437	0.96608
2224.68626	0.96692
2224.68814	0.9678
2224.69002	0.96874
2224.69191	0.96973
2224.69379	0.97077
2224.69567	0.97184
2224.69756	0.97295
2224.69944	0.97406
2224.70132	0.97517
2224.70321	0.97627
2224.70509	0.97732
2224.70697	0.9783
2224.70886	0.9792
2224.71074	0.97998
2224.71262	0.98061
2224.71451	0.98109
2224.71639	0.9814
2224.71827	0.98155
2224.72016	0.98155
2224.72204	0.98144
2224.72392	0.98125
2224.7258	0.98104
2224.72769	0.98085
2224.72957	0.98075
2224.73145	0.98076
2224.73334	0.98093
2224.73522	0.98127
2224.7371	0.98178
2224.73899	0.98245
2224.74087	0.98324
2224.74275	0.98412
2224.74464	0.98503
2224.74652	0.98593
2224.7484	0.98677
2224.75029	0.98751
2224.75217	0.98813
2224.75405	0.98859
2224.75594	0.98889
2224.75782	0.98903
2224.7597	0.98901
2224.76159	0.98884
2224.76347	0.98854
2224.76535	0.98813
2224.76724	0.98762
2224.76912	0.98704
2224.771	0.9864
2224.77289	0.98574
2224.77477	0.98509
2224.77665	0.98447
2224.77854	0.98392
2224.78042	0.98348
2224.7823	0.98316
2224.78419	0.98298
2224.78607	0.98296
2224.78795	0.9831
2224.78984	0.98337
2224.79172	0.98375
2224.7936	0.98419
2224.79549	0.98465
2224.79737	0.98509
2224.79925	0.98544
2224.80114	0.98568
2224.80302	0.98577
2224.8049	0.9857
2224.80679	0.98548
2224.80867	0.98511
2224.81055	0.98461
2224.81244	0.98403
2224.81432	0.98338
2224.8162	0.9827
2224.81809	0.98199
2224.81997	0.98126
2224.82185	0.9805
2224.82373	0.97968
2224.82562	0.97878
2224.8275	0.97777
2224.82938	0.97659
2224.83127	0.97522
2224.83315	0.97362
2224.83503	0.97175
2224.83692	0.96959
2224.8388	0.9671
2224.84068	0.96425
2224.84257	0.96096
2224.84445	0.95717
2224.84633	0.9528
2224.84822	0.94772
2224.8501	0.94182
2224.85198	0.93497
2224.85387	0.92705
2224.85575	0.91793
2224.85763	0.90755
2224.85952	0.89586
2224.8614	0.88287
2224.86328	0.86865
2224.86517	0.8533
2224.86705	0.837
2224.86893	0.81995
2224.87082	0.8024
2224.8727	0.78459
2224.87458	0.76678
2224.87647	0.7492
2224.87835	0.73207
2224.88023	0.71557
2224.88212	0.69986
2224.884	0.68504
2224.88588	0.67122
2224.88777	0.65848
2224.88965	0.6469
2224.89153	0.63657
2224.89342	0.62759
2224.8953	0.62007
2224.89718	0.61415
2224.89907	0.60997
2224.90095	0.60768
2224.90283	0.60741
2224.90472	0.60925
2224.9066	0.61329
2224.90848	0.61952
2224.91037	0.62791
2224.91225	0.63835
2224.91413	0.65067
2224.91602	0.66465
2224.9179	0.68003
2224.91978	0.69652
2224.92166	0.71382
2224.92355	0.73163
2224.92543	0.74967
2224.92731	0.7677
2224.9292	0.78548
2224.93108	0.80286
2224.93296	0.81967
2224.93485	0.83583
2224.93673	0.85124
2224.93861	0.86587
2224.9405	0.87965
2224.94238	0.89258
2224.94426	0.90462
2224.94615	0.91575
2224.94803	0.92595
2224.94991	0.93521
2224.9518	0.94352
2224.95368	0.95088
2224.95556	0.9573
2224.95745	0.96282
2224.95933	0.96746
2224.96121	0.97129
2224.9631	0.97436
2224.96498	0.97675
2224.96686	0.97854
2224.96875	0.9798
2224.97063	0.98062
2224.97251	0.98107
2224.9744	0.98121
2224.97628	0.98111
2224.97816	0.98082
2224.98005	0.98037
2224.98193	0.97982
2224.98381	0.97918
2224.9857	0.97848
2224.98758	0.97776
2224.98946	0.97703
2224.99135	0.97631
2224.99323	0.97562
2224.99511	0.97499
2224.997	0.97443
2224.99888	0.97396
2225.00076	0.9736
2225.00265	0.97336
2225.00453	0.97324
2225.00641	0.97326
2225.0083	0.97341
2225.01018	0.97369
2225.01206	0.9741
2225.01395	0.9746
2225.01583	0.9752
2225.01771	0.97587
2225.01959	0.97659
2225.02148	0.97733
2225.02336	0.97808
2225.02524	0.97883
2225.02713	0.97956
2225.02901	0.98026
2225.03089	0.98095
2225.03278	0.98161
2225.03466	0.98226
2225.03654	0.9829
2225.03843	0.98353
2225.04031	0.98418
2225.04219	0.98482
2225.04408	0.98546
2225.04596	0.98608
2225.04784	0.98668
2225.04973	0.98724
2225.05161	0.98773
2225.05349	0.98816
2225.05538	0.98852
2225.05726	0.9888
2225.05914	0.98902
2225.06103	0.98919
2225.06291	0.98935
2225.06479	0.98953
2225.06668	0.98974
2225.06856	0.99002
2225.07044	0.99037
2225.07233	0.99082
2225.07421	0.99133
2225.07609	0.99189
2225.07798	0.99247
2225.07986	0.99302
2225.08174	0.99348
2225.08363	0.99382
2225.08551	0.99398
2225.08739	0.99395
2225.08928	0.9937
2225.09116	0.99324
2225.09304	0.99259
2225.09493	0.99177
2225.09681	0.99085
2225.09869	0.98985
2225.10058	0.98885
2225.10246	0.98787
2225.10434	0.98694
2225.10623	0.9861
2225.10811	0.98533
2225.10999	0.98463
2225.11188	0.98398
2225.11376	0.98334
2225.11564	0.98269
2225.11753	0.982
2225.11941	0.98126
2225.12129	0.98045
2225.12317	0.97959
2225.12506	0.97869
2225.12694	0.97777
2225.12882	0.97689
2225.13071	0.97607
2225.13259	0.97536
2225.13447	0.97479
2225.13636	0.97437
2225.13824	0.97413
2225.14012	0.97406
2225.14201	0.97416
2225.14389	0.9744
2225.14577	0.97476
2225.14766	0.97522
2225.14954	0.97576
2225.15142	0.97636
2225.15331	0.977
2225.15519	0.97767
2225.15707	0.97838
2225.15896	0.97911
2225.16084	0.97988
2225.16272	0.98068
2225.16461	0.98149
2225.16649	0.98232
2225.16837	0.98314
2225.17026	0.98394
2225.17214	0.98469
2225.17402	0.98536
2225.17591	0.98593
2225.17779	0.98638
2225.17967	0.9867
2225.18156	0.98689
2225.18344	0.98696
2225.18532	0.98693
2225.18721	0.98682
2225.18909	0.98666
2225.19097	0.98649
2225.19286	0.98636
2225.19474	0.98627
2225.19662	0.98628
2225.19851	0.98638
2225.20039	0.98658
2225.20227	0.98687
2225.20416	0.98725
2225.20604	0.98767
2225.20792	0.98812
2225.20981	0.98854
2225.21169	0.98892
2225.21357	0.98921
2225.21546	0.9894
2225.21734	0.98945
2225.21922	0.98937
2225.2211	0.98915
2225.22299	0.98881
2225.22487	0.98837
2225.22675	0.98785
2225.22864	0.98729
2225.23052	0.9867
2225.2324	0.98614
2225.23429	0.98562
2225.23617	0.98517
2225.23805	0.98479
2225.23994	0.98451
2225.24182	0.98431
2225.2437	0.9842
2225.24559	0.98416
2225.24747	0.98419
2225.24935	0.98426
2225.25124	0.98437
2225.25312	0.9845
2225.255	0.98465
2225.25689	0.9848
2225.25877	0.98495
2225.26065	0.9851
2225.26254	0.98524
2225.26442	0.98538
2225.2663	0.9855
2225.26819	0.9856
2225.27007	0.98568
2225.27195	0.98572
2225.27384	0.98573
2225.27572	0.98569
2225.2776	0.9856
2225.27949	0.98547
2225.28137	0.9853
2225.28325	0.9851
2225.28514	0.98489
2225.28702	0.9847
2225.2889	0.98455
2225.29079	0.98446
2225.29267	0.98445
2225.29455	0.98454
2225.29644	0.98473
2225.29832	0.98503
2225.3002	0.98543
2225.30209	0.9859
2225.30397	0.98641
2225.30585	0.98693
2225.30774	0.98741
2225.30962	0.98783
2225.3115	0.98813
2225.31339	0.9883
2225.31527	0.9883
2225.31715	0.98813
2225.31903	0.98778
2225.32092	0.98725
2225.3228	0.98658
2225.32468	0.98579
2225.32657	0.98491
2225.32845	0.98398
2225.33033	0.98303
2225.33222	0.98211
2225.3341	0.98125
2225.33598	0.98046
2225.33787	0.97977
2225.33975	0.97918
2225.34163	0.97868
2225.34352	0.97826
2225.3454	0.97791
2225.34728	0.97759
2225.34917	0.97727
2225.35105	0.97691
2225.35293	0.97649
2225.35482	0.97598
2225.3567	0.97536
2225.35858	0.97461
2225.36047	0.97374
2225.36235	0.97274
2225.36423	0.97164
2225.36612	0.97046
2225.368	0.96921
2225.36988	0.96793
2225.37177	0.96661
2225.37365	0.96528
2225.37553	0.96392
2225.37742	0.96251
2225.3793	0.96103
2225.38118	0.9594
2225.38307	0.95758
2225.38495	0.95547
2225.38683	0.95299
2225.38872	0.95002
2225.3906	0.94646
2225.39248	0.94218
2225.39437	0.93705
2225.39625	0.93093
2225.39813	0.92368
2225.40002	0.91514
2225.4019	0.90516
2225.40378	0.89357
2225.40567	0.88021
2225.40755	0.86495
2225.40943	0.84766
2225.41132	0.82826
2225.4132	0.80673
2225.41508	0.7831
2225.41696	0.75748
2225.41885	0.73008
2225.42073	0.7012
2225.42261	0.67121
2225.4245	0.64061
2225.42638	0.60995
2225.42826	0.57983
2225.43015	0.55089
2225.43203	0.52379
2225.43391	0.49916
2225.4358	0.47756
2225.43768	0.45951
2225.43956	0.44541
2225.44145	0.43556
2225.44333	0.43014
2225.44521	0.42919
2225.4471	0.43266
2225.44898	0.44037
2225.45086	0.45207
2225.45275	0.46741
2225.45463	0.48599
2225.45651	0.50738
2225.4584	0.53112
2225.46028	0.55674
2225.46216	0.58376
2225.46405	0.61172
2225.46593	0.64018
2225.46781	0.66873
2225.4697	0.69696
2225.47158	0.72451
2225.47346	0.75105
2225.47535	0.77629
2225.47723	0.79999
2225.47911	0.82195
2225.481	0.84201
2225.48288	0.86009
2225.48476	0.87616
2225.48665	0.89024
2225.48853	0.90241
2225.49041	0.91278
2225.4923	0.92153
2225.49418	0.92882
2225.49606	0.93487
2225.49795	0.93988
2225.49983	0.94404
2225.50171	0.94753
2225.5036	0.95049
2225.50548	0.95304
2225.50736	0.95526
2225.50925	0.95721
2225.51113	0.9589
2225.51301	0.96035
2225.5149	0.96153
2225.51678	0.96243
2225.51866	0.96302
2225.52054	0.9633
2225.52243	0.96324
2225.52431	0.96285
2225.52619	0.96213
2225.52808	0.9611
2225.52996	0.95976
2225.53184	0.95811
2225.53373	0.95615
2225.53561	0.95382
2225.53749	0.95109
2225.53938	0.94787
2225.54126	0.94405
2225.54314	0.93953
2225.54503	0.93418
2225.54691	0.92785
2225.54879	0.92043
2225.55068	0.91183
2225.55256	0.90196
2225.55444	0.8908
2225.55633	0.87836
2225.55821	0.86472
2225.56009	0.84997
2225.56198	0.83428
2225.56386	0.81784
2225.56574	0.80086
2225.56763	0.78359
2225.56951	0.76625
2225.57139	0.74908
2225.57328	0.73229
2225.57516	0.71607
2225.57704	0.70058
2225.57893	0.68598
2225.58081	0.67238
2225.58269	0.65989
2225.58458	0.6486
2225.58646	0.63863
2225.58834	0.63006
2225.59023	0.62301
2225.59211	0.61757
2225.59399	0.61387
2225.59588	0.612
2225.59776	0.61206
2225.59964	0.61411
2225.60153	0.61819
2225.60341	0.62428
2225.60529	0.63234
2225.60718	0.64225
2225.60906	0.65385
2225.61094	0.66696
2225.61283	0.68135
2225.61471	0.69676
2225.61659	0.71294
2225.61847	0.72963
2225.62036	0.74658
2225.62224	0.76359
2225.62412	0.78046
2225.62601	0.79704
2225.62789	0.81319
2225.62977	0.82881
2225.63166	0.84382
2225.63354	0.85814
2225.63542	0.87173
2225.63731	0.88451
2225.63919	0.89645
2225.64107	0.90748
2225.64296	0.91758
2225.64484	0.92669
2225.64672	0.93481
2225.64861	0.94194
2225.65049	0.9481
2225.65237	0.95334
2225.65426	0.95773
2225.65614	0.96136
2225.65802	0.96435
2225.65991	0.96681
2225.66179	0.96884
2225.66367	0.97056
2225.66556	0.97204
2225.66744	0.97336
2225.66932	0.97456
2225.67121	0.97565
2225.67309	0.97664
2225.67497	0.97751
2225.67686	0.97824
2225.67874	0.9788
2225.68062	0.97916
2225.68251	0.97933
2225.68439	0.97929
2225.68627	0.97906
2225.68816	0.97868
2225.69004	0.97816
2225.69192	0.97757
2225.69381	0.97693
2225.69569	0.97629
2225.69757	0.97568
2225.69946	0.97513
2225.70134	0.97463
2225.70322	0.9742
2225.70511	0.97383
2225.70699	0.97351
2225.70887	0.97322
2225.71076	0.97295
2225.71264	0.97268
2225.71452	0.97242
2225.7164	0.97217
2225.71829	0.97194
2225.72017	0.97173
2225.72205	0.97158
2225.72394	0.97149
2225.72582	0.9715
2225.7277	0.97163
2225.72959	0.97189
2225.73147	0.97231
2225.73335	0.97289
2225.73524	0.97363
2225.73712	0.97455
2225.739	0.97562
2225.74089	0.97684
2225.74277	0.97817
2225.74465	0.97959
2225.74654	0.98105
2225.74842	0.98251
2225.7503	0.98392
2225.75219	0.98524
2225.75407	0.9864
2225.75595	0.98739
2225.75784	0.98815
2225.75972	0.98867
2225.7616	0.98896
2225.76349	0.98902
2225.76537	0.98888
2225.76725	0.98859
2225.76914	0.9882
2225.77102	0.98777
2225.7729	0.98735
2225.77479	0.98701
2225.77667	0.98679
2225.77855	0.98672
2225.78044	0.98682
2225.78232	0.9871
2225.7842	0.98754
2225.78609	0.98811
2225.78797	0.98878
2225.78985	0.9895
2225.79174	0.99025
2225.79362	0.99097
2225.7955	0.99163
2225.79739	0.99221
2225.79927	0.99268
2225.80115	0.99304
2225.80304	0.99329
2225.80492	0.99342
2225.8068	0.99346
2225.80869	0.9934
2225.81057	0.99326
2225.81245	0.99306
2225.81433	0.99281
2225.81622	0.99253
2225.8181	0.99224
2225.81998	0.99195
2225.82187	0.99168
2225.82375	0.99145
2225.82563	0.99127
2225.82752	0.99116
2225.8294	0.99112
2225.83128	0.99115
2225.83317	0.99125
2225.83505	0.9914
2225.83693	0.99159
2225.83882	0.9918
2225.8407	0.99199
2225.84258	0.99215
2225.84447	0.99226
2225.84635	0.99231
2225.84823	0.99229
2225.85012	0.99221
2225.852	0.99207
2225.85388	0.99191
2225.85577	0.99173
2225.85765	0.99156
2225.85953	0.99142
2225.86142	0.99131
2225.8633	0.99123
2225.86518	0.99118
2225.86707	0.99113
2225.86895	0.99106
2225.87083	0.99094
2225.87272	0.99073
2225.8746	0.99041
2225.87648	0.98996
2225.87837	0.98938
2225.88025	0.98867
2225.88213	0.98786
2225.88402	0.98699
2225.8859	0.98608
2225.88778	0.9852
2225.88967	0.98439
2225.89155	0.98368
2225.89343	0.9831
2225.89532	0.98269
2225.8972	0.98244
2225.89908	0.98235
2225.90097	0.9824
2225.90285	0.98255
2225.90473	0.98278
2225.90662	0.98304
2225.9085	0.9833
2225.91038	0.98352
2225.91227	0.98368
2225.91415	0.98375
2225.91603	0.98373
2225.91791	0.98362
2225.9198	0.9834
2225.92168	0.98311
2225.92356	0.98274
2225.92545	0.98233
2225.92733	0.98189
2225.92921	0.98144
2225.9311	0.98102
2225.93298	0.98065
2225.93486	0.98035
2225.93675	0.98016
2225.93863	0.9801
2225.94051	0.98017
2225.9424	0.98039
2225.94428	0.98076
2225.94616	0.98126
2225.94805	0.98188
2225.94993	0.98257
2225.95181	0.98331
2225.9537	0.98404
2225.95558	0.98473
2225.95746	0.98533
2225.95935	0.98581
2225.96123	0.98614
2225.96311	0.98632
2225.965	0.98634
2225.96688	0.98623
2225.96876	0.98601
2225.97065	0.98571
2225.97253	0.98537
2225.97441	0.98502
2225.9763	0.9847
2225.97818	0.98443
2225.98006	0.98421
2225.98195	0.98404
2225.98383	0.98393
2225.98571	0.98383
2225.9876	0.98374
2225.98948	0.98363
2225.99136	0.98347
2225.99325	0.98326
2225.99513	0.98299
2225.99701	0.98266
2225.9989	0.98229
2226.00078	0.98189
2226.00266	0.9815
2226.00455	0.98113
2226.00643	0.98081
2226.00831	0.98056
2226.0102	0.9804
2226.01208	0.98032
2226.01396	0.98035
2226.01584	0.98046
2226.01773	0.98064
2226.01961	0.98089
2226.02149	0.9812
2226.02338	0.98154
2226.02526	0.98192
2226.02714	0.98232
2226.02903	0.98275
2226.03091	0.98319
2226.03279	0.98365
2226.03468	0.98412
2226.03656	0.98459
2226.03844	0.98506
2226.04033	0.9855
2226.04221	0.98591
2226.04409	0.98627
2226.04598	0.98656
2226.04786	0.98677
2226.04974	0.9869
2226.05163	0.98695
2226.05351	0.98692
2226.05539	0.98682
2226.05728	0.98666
2226.05916	0.98645
2226.06104	0.98621
2226.06293	0.98596
2226.06481	0.98568
2226.06669	0.98539
2226.06858	0.98508
2226.07046	0.98474
2226.07234	0.98435
2226.07423	0.9839
2226.07611	0.98339
2226.07799	0.98281
2226.07988	0.98215
2226.08176	0.98144
2226.08364	0.98069
2226.08553	0.97994
2226.08741	0.97922
2226.08929	0.97858
2226.09118	0.97805
2226.09306	0.97768
2226.09494	0.9775
2226.09683	0.97752
2226.09871	0.97775
2226.10059	0.97819
2226.10248	0.97881
2226.10436	0.97959
2226.10624	0.98047
2226.10813	0.9814
2226.11001	0.98232
2226.11189	0.98319
2226.11377	0.98394
2226.11566	0.98453
2226.11754	0.98492
2226.11942	0.9851
2226.12131	0.98505
2226.12319	0.98477
2226.12507	0.98429
2226.12696	0.98364
2226.12884	0.98284
2226.13072	0.98194
2226.13261	0.98099
2226.13449	0.98003
2226.13637	0.97909
2226.13826	0.97822
2226.14014	0.97743
2226.14202	0.97673
2226.14391	0.97614
2226.14579	0.97563
2226.14767	0.97519
2226.14956	0.9748
2226.15144	0.97443
2226.15332	0.97404
2226.15521	0.97361
2226.15709	0.9731
2226.15897	0.97251
2226.16086	0.9718
2226.16274	0.97098
2226.16462	0.97003
2226.16651	0.96898
2226.16839	0.96782
2226.17027	0.96657
2226.17216	0.96524
2226.17404	0.96386
2226.17592	0.96242
2226.17781	0.96095
2226.17969	0.95945
2226.18157	0.95791
2226.18346	0.95635
2226.18534	0.95475
2226.18722	0.95311
2226.18911	0.95141
2226.19099	0.94963
2226.19287	0.94775
2226.19476	0.94572
2226.19664	0.94352
2226.19852	0.94109
2226.20041	0.93835
2226.20229	0.93524
2226.20417	0.93165
2226.20606	0.92747
2226.20794	0.92257
2226.20982	0.9168
2226.2117	0.91001
2226.21359	0.90201
2226.21547	0.89262
2226.21735	0.88165
2226.21924	0.86891
2226.22112	0.85423
2226.223	0.83742
2226.22489	0.81837
2226.22677	0.79696
2226.22865	0.77314
2226.23054	0.74691
2226.23242	0.71834
2226.2343	0.68759
2226.23619	0.65488
2226.23807	0.62052
2226.23995	0.5849
2226.24184	0.5485
2226.24372	0.51183
2226.2456	0.47547
2226.24749	0.44001
2226.24937	0.40606
2226.25125	0.37418
2226.25314	0.3449
2226.25502	0.31869
2226.2569	0.29593
2226.25879	0.2769
2226.26067	0.26178
2226.26255	0.25066
2226.26444	0.24352
2226.26632	0.24026
2226.2682	0.24074
2226.27009	0.24472
2226.27197	0.25195
2226.27385	0.26218
2226.27574	0.27514
2226.27762	0.29055
2226.2795	0.30817
2226.28139	0.32776
2226.28327	0.3491
2226.28515	0.37196
2226.28704	0.39615
2226.28892	0.42143
2226.2908	0.44759
2226.29269	0.4744
2226.29457	0.50161
2226.29645	0.52898
2226.29834	0.55626
2226.30022	0.58323
2226.3021	0.60966
2226.30399	0.63536
2226.30587	0.66018
2226.30775	0.684
2226.30964	0.70673
2226.31152	0.72833
2226.3134	0.74879
2226.31528	0.76812
2226.31717	0.78636
2226.31905	0.80355
2226.32093	0.81973
2226.32282	0.83494
2226.3247	0.84922
2226.32658	0.86257
2226.32847	0.87501
2226.33035	0.88653
2226.33223	0.89712
2226.33412	0.90676
2226.336	0.91546
2226.33788	0.9232
2226.33977	0.93002
2226.34165	0.93593
2226.34353	0.94098
2226.34542	0.94523
2226.3473	0.94875
2226.34918	0.95161
2226.35107	0.95391
2226.35295	0.95573
2226.35483	0.95715
2226.35672	0.95827
2226.3586	0.95915
2226.36048	0.95986
2226.36237	0.96047
2226.36425	0.96102
2226.36613	0.96157
2226.36802	0.96214
2226.3699	0.96275
2226.37178	0.96342
2226.37367	0.96415
2226.37555	0.96494
2226.37743	0.96579
2226.37932	0.96668
2226.3812	0.96759
2226.38308	0.96852
2226.38497	0.96945
2226.38685	0.97038
2226.38873	0.97131
2226.39062	0.97224
2226.3925	0.97318
2226.39438	0.97415
2226.39627	0.97516
2226.39815	0.97621
2226.40003	0.97732
2226.40192	0.97846
2226.4038	0.97963
2226.40568	0.9808
2226.40757	0.98191
2226.40945	0.98293
2226.41133	0.98379
2226.41321	0.98445
2226.4151	0.98486
2226.41698	0.98498
2226.41886	0.98479
2226.42075	0.98429
2226.42263	0.9835
2226.42451	0.98247
2226.4264	0.98125
2226.42828	0.9799
2226.43016	0.97852
2226.43205	0.97717
2226.43393	0.97593
2226.43581	0.97486
2226.4377	0.97401
2226.43958	0.97341
2226.44146	0.97307
2226.44335	0.97298
2226.44523	0.97312
2226.44711	0.97346
2226.449	0.97395
2226.45088	0.97455
2226.45276	0.97522
2226.45465	0.97591
2226.45653	0.9766
2226.45841	0.97726
2226.4603	0.97788
2226.46218	0.97846
2226.46406	0.979
2226.46595	0.9795
2226.46783	0.98
2226.46971	0.98049
2226.4716	0.981
2226.47348	0.98155
2226.47536	0.98214
2226.47725	0.98278
2226.47913	0.98348
2226.48101	0.98423
2226.4829	0.98504
2226.48478	0.98587
2226.48666	0.98673
2226.48855	0.98757
2226.49043	0.9884
2226.49231	0.98917
2226.4942	0.98987
2226.49608	0.99048
2226.49796	0.99099
2226.49985	0.99138
2226.50173	0.99166
2226.50361	0.99184
2226.5055	0.99192
2226.50738	0.99193
2226.50926	0.99188
2226.51114	0.9918
2226.51303	0.99171
2226.51491	0.99161
2226.51679	0.99153
2226.51868	0.99147
2226.52056	0.99143
2226.52244	0.9914
2226.52433	0.99137
2226.52621	0.99134
2226.52809	0.99128
2226.52998	0.9912
2226.53186	0.99108
2226.53374	0.99093
2226.53563	0.99076
2226.53751	0.99057
2226.53939	0.99037
2226.54128	0.99018
2226.54316	0.99001
2226.54504	0.98987
2226.54693	0.98977
2226.54881	0.9897
2226.55069	0.98967
2226.55258	0.98966
2226.55446	0.98966
2226.55634	0.98967
2226.55823	0.98968
2226.56011	0.98968
2226.56199	0.98967
2226.56388	0.98964
2226.56576	0.98961
2226.56764	0.98957
2226.56953	0.98954
2226.57141	0.98952
2226.57329	0.98952
2226.57518	0.98953
2226.57706	0.98954
2226.57894	0.98955
2226.58083	0.98955
2226.58271	0.98953
2226.58459	0.98945
2226.58648	0.98933
2226.58836	0.98915
2226.59024	0.9889
2226.59213	0.9886
2226.59401	0.98825
2226.59589	0.98787
2226.59778	0.98747
2226.59966	0.98707
2226.60154	0.98669
2226.60343	0.98633
2226.60531	0.986
2226.60719	0.9857
2226.60907	0.98543
2226.61096	0.98518
2226.61284	0.98492
2226.61472	0.98466
2226.61661	0.98437
2226.61849	0.98405
2226.62037	0.9837
2226.62226	0.98333
2226.62414	0.98294
2226.62602	0.98255
2226.62791	0.98218
2226.62979	0.98185
2226.63167	0.9816
2226.63356	0.98144
2226.63544	0.98139
2226.63732	0.98145
2226.63921	0.98164
2226.64109	0.98196
2226.64297	0.98239
2226.64486	0.98292
2226.64674	0.98354
2226.64862	0.9842
2226.65051	0.9849
2226.65239	0.9856
2226.65427	0.98628
2226.65616	0.9869
2226.65804	0.98745
2226.65992	0.98792
2226.66181	0.98829
2226.66369	0.98857
2226.66557	0.98875
2226.66746	0.98885
2226.66934	0.9889
2226.67122	0.98891
2226.67311	0.98892
2226.67499	0.98894
2226.67687	0.98902
2226.67876	0.98917
2226.68064	0.98939
2226.68252	0.9897
2226.68441	0.99008
2226.68629	0.99052
2226.68817	0.99098
2226.69006	0.99143
2226.69194	0.99182
2226.69382	0.99211
2226.69571	0.99227
2226.69759	0.99226
2226.69947	0.99207
2226.70136	0.99168
2226.70324	0.99111
2226.70512	0.99037
2226.707	0.98951
2226.70889	0.98855
2226.71077	0.98755
2226.71265	0.98656
2226.71454	0.98561
2226.71642	0.98476
2226.7183	0.98404
2226.72019	0.98346
2226.72207	0.98305
2226.72395	0.98281
2226.72584	0.98273
2226.72772	0.98281
2226.7296	0.98303
2226.73149	0.98336
2226.73337	0.98378
2226.73525	0.98428
2226.73714	0.98483
2226.73902	0.98539
2226.7409	0.98595
2226.74279	0.98648
2226.74467	0.98697
2226.74655	0.9874
2226.74844	0.98775
2226.75032	0.98802
2226.7522	0.9882
2226.75409	0.9883
2226.75597	0.98834
2226.75785	0.98831
2226.75974	0.98825
2226.76162	0.98816
2226.7635	0.98806
2226.76539	0.98796
2226.76727	0.98787
2226.76915	0.98777
2226.77104	0.98767
2226.77292	0.98756
2226.7748	0.98741
2226.77669	0.98722
2226.77857	0.98698
2226.78045	0.98668
2226.78234	0.98634
2226.78422	0.98597
2226.7861	0.98559
2226.78799	0.98523
2226.78987	0.98494
2226.79175	0.98475
2226.79364	0.98467
2226.79552	0.98474
2226.7974	0.98496
2226.79929	0.98532
2226.80117	0.98579
2226.80305	0.98634
2226.80494	0.98691
2226.80682	0.98746
2226.8087	0.98793
2226.81058	0.98829
2226.81247	0.98849
2226.81435	0.98852
2226.81623	0.98837
2226.81812	0.98806
2226.82	0.98758
2226.82188	0.98699
2226.82377	0.98631
2226.82565	0.98556
2226.82753	0.98478
2226.82942	0.98397
2226.8313	0.98315
2226.83318	0.98231
2226.83507	0.98145
2226.83695	0.98054
2226.83883	0.97959
2226.84072	0.97859
2226.8426	0.97753
2226.84448	0.97644
2226.84637	0.97534
2226.84825	0.97425
2226.85013	0.97321
2226.85202	0.97227
2226.8539	0.97145
2226.85578	0.9708
2226.85767	0.97032
2226.85955	0.97004
2226.86143	0.96993
2226.86332	0.97
2226.8652	0.97022
2226.86708	0.97055
2226.86897	0.97096
2226.87085	0.97143
2226.87273	0.97192
2226.87462	0.9724
2226.8765	0.97285
2226.87838	0.97326
2226.88027	0.97359
2226.88215	0.97385
2226.88403	0.97401
2226.88592	0.97405
2226.8878	0.97395
2226.88968	0.97368
2226.89157	0.97323
2226.89345	0.97257
2226.89533	0.97167
2226.89722	0.97051
2226.8991	0.96905
2226.90098	0.96726
2226.90287	0.96511
2226.90475	0.96253
2226.90663	0.95947
2226.90851	0.95585
2226.9104	0.95156
2226.91228	0.94651
2226.91416	0.94058
2226.91605	0.93366
2226.91793	0.92565
2226.91981	0.91647
2226.9217	0.90607
2226.92358	0.89445
2226.92546	0.88165
2226.92735	0.86777
2226.92923	0.85296
2226.93111	0.83742
2226.933	0.82138
2226.93488	0.80508
2226.93676	0.78879
2226.93865	0.77275
2226.94053	0.75718
2226.94241	0.74229
2226.9443	0.72822
2226.94618	0.71507
2226.94806	0.70293
2226.94995	0.69184
2226.95183	0.68181
2226.95371	0.67286
2226.9556	0.665
2226.95748	0.65828
2226.95936	0.65273
2226.96125	0.64843
2226.96313	0.64547
2226.96501	0.64394
2226.9669	0.64393
2226.96878	0.64552
2226.97066	0.64876
2226.97255	0.65365
2226.97443	0.66016
2226.97631	0.66822
2226.9782	0.67767
2226.98008	0.68835
2226.98196	0.70006
2226.98385	0.71256
2226.98573	0.72562
2226.98761	0.73901
2226.9895	0.75252
2226.99138	0.76596
2226.99326	0.77915
2226.99515	0.79195
2226.99703	0.80424
2226.99891	0.81592
2227.0008	0.82688
2227.00268	0.83703
2227.00456	0.84628
2227.00644	0.85451
2227.00833	0.86162
2227.01021	0.8675
2227.01209	0.87202
2227.01398	0.87508
2227.01586	0.87657
2227.01774	0.87638
2227.01963	0.87442
2227.02151	0.87061
2227.02339	0.86487
2227.02528	0.85714
2227.02716	0.84734
2227.02904	0.83539
2227.03093	0.82124
2227.03281	0.80479
2227.03469	0.78601
2227.03658	0.76483
2227.03846	0.74124
2227.04034	0.71528
2227.04223	0.68703
2227.04411	0.65666
2227.04599	0.6244
2227.04788	0.59061
2227.04976	0.5557
2227.05164	0.52019
2227.05353	0.48467
2227.05541	0.44977
2227.05729	0.41619
2227.05918	0.38459
2227.06106	0.35565
2227.06294	0.32999
2227.06483	0.30815
2227.06671	0.2906
2227.06859	0.27769
2227.07048	0.26966
2227.07236	0.26661
2227.07424	0.26857
2227.07613	0.2754
2227.07801	0.2869
2227.07989	0.30275
2227.08178	0.32258
2227.08366	0.34592
2227.08554	0.37231
2227.08743	0.40121
2227.08931	0.43209
2227.09119	0.46441
2227.09308	0.49765
2227.09496	0.5313
2227.09684	0.5649
2227.09873	0.59799
2227.10061	0.63021
2227.10249	0.66121
2227.10437	0.69073
2227.10626	0.71853
2227.10814	0.74446
2227.11002	0.76841
2227.11191	0.79033
2227.11379	0.81022
2227.11567	0.82811
2227.11756	0.84409
2227.11944	0.85825
2227.12132	0.87072
2227.12321	0.88165
2227.12509	0.89119
2227.12697	0.89949
2227.12886	0.90672
2227.13074	0.91302
2227.13262	0.91854
2227.13451	0.92341
2227.13639	0.92776
2227.13827	0.93168
2227.14016	0.93528
2227.14204	0.93863
2227.14392	0.94178
2227.14581	0.94478
2227.14769	0.94766
2227.14957	0.95042
2227.15146	0.95309
2227.15334	0.95565
2227.15522	0.95808
2227.15711	0.96039
2227.15899	0.96255
2227.16087	0.96455
2227.16276	0.96637
2227.16464	0.96801
2227.16652	0.96947
2227.16841	0.97073
2227.17029	0.9718
2227.17217	0.97269
2227.17406	0.97341
2227.17594	0.97396
2227.17782	0.97437
2227.17971	0.97464
2227.18159	0.9748
2227.18347	0.97486
2227.18536	0.97485
2227.18724	0.9748
2227.18912	0.97472
2227.19101	0.97466
2227.19289	0.97463
2227.19477	0.97467
2227.19666	0.97479
2227.19854	0.97502
2227.20042	0.97537
2227.20231	0.97583
2227.20419	0.9764
2227.20607	0.97708
2227.20795	0.97783
2227.20984	0.97863
2227.21172	0.97944
2227.2136	0.98023
2227.21549	0.98096
2227.21737	0.98159
2227.21925	0.9821
2227.22114	0.98246
2227.22302	0.98266
2227.2249	0.9827
2227.22679	0.98257
2227.22867	0.9823
2227.23055	0.98191
2227.23244	0.98144
2227.23432	0.98091
2227.2362	0.98037
2227.23809	0.97986
2227.23997	0.97941
2227.24185	0.97906
2227.24374	0.97882
2227.24562	0.97873
2227.2475	0.97879
2227.24939	0.97899
2227.25127	0.97933
2227.25315	0.97981
2227.25504	0.98038
2227.25692	0.98104
2227.2588	0.98175
2227.26069	0.98248
2227.26257	0.9832
2227.26445	0.9839
2227.26634	0.98455
2227.26822	0.98513
2227.2701	0.98564
2227.27199	0.98606
2227.27387	0.98641
2227.27575	0.98668
2227.27764	0.98689
2227.27952	0.98705
2227.2814	0.98717
2227.28329	0.98727
2227.28517	0.98738
2227.28705	0.9875
2227.28894	0.98765
2227.29082	0.98785
2227.2927	0.9881
2227.29459	0.98841
2227.29647	0.98878
2227.29835	0.9892
2227.30024	0.98968
2227.30212	0.99018
2227.304	0.9907
2227.30588	0.99122
2227.30777	0.99171
2227.30965	0.99215
2227.31153	0.99252
2227.31342	0.9928
2227.3153	0.99299
2227.31718	0.99306
2227.31907	0.99304
2227.32095	0.99291
2227.32283	0.99269
2227.32472	0.99242
2227.3266	0.99209
2227.32848	0.99176
2227.33037	0.99143
2227.33225	0.99114
2227.33413	0.9909
2227.33602	0.99074
2227.3379	0.99066
2227.33978	0.99066
2227.34167	0.99074
2227.34355	0.9909
2227.34543	0.99111
2227.34732	0.99136
2227.3492	0.99163
2227.35108	0.99189
2227.35297	0.99213
2227.35485	0.99232
2227.35673	0.99245
2227.35862	0.9925
2227.3605	0.99248
2227.36238	0.99237
2227.36427	0.99218
2227.36615	0.99192
2227.36803	0.9916
2227.36992	0.99123
2227.3718	0.99083
2227.37368	0.99042
2227.37557	0.99001
2227.37745	0.98961
2227.37933	0.98925
2227.38122	0.98892
2227.3831	0.98863
2227.38498	0.98839
2227.38687	0.98818
2227.38875	0.988
2227.39063	0.98785
2227.39252	0.98772
2227.3944	0.98761
2227.39628	0.9875
2227.39817	0.9874
2227.40005	0.98732
2227.40193	0.98724
2227.40381	0.98719
2227.4057	0.98717
2227.40758	0.98717
2227.40946	0.9872
2227.41135	0.98725
2227.41323	0.98732
2227.41511	0.98739
2227.417	0.98746
2227.41888	0.9875
2227.42076	0.9875
2227.42265	0.98746
2227.42453	0.98737
2227.42641	0.98724
2227.4283	0.98707
2227.43018	0.98689
2227.43206	0.98673
2227.43395	0.98661
2227.43583	0.98656
2227.43771	0.9866
2227.4396	0.98676
2227.44148	0.98703
2227.44336	0.98741
2227.44525	0.98789
2227.44713	0.98842
2227.44901	0.98899
2227.4509	0.98953
2227.45278	0.99003
2227.45466	0.99043
2227.45655	0.99071
2227.45843	0.99085
2227.46031	0.99085
2227.4622	0.99072
2227.46408	0.99047
2227.46596	0.99012
2227.46785	0.98971
2227.46973	0.98927
2227.47161	0.98881
2227.4735	0.98836
2227.47538	0.98794
2227.47726	0.98755
2227.47915	0.98719
2227.48103	0.98686
2227.48291	0.98655
2227.4848	0.98626
2227.48668	0.986
2227.48856	0.98577
2227.49045	0.98559
2227.49233	0.98546
2227.49421	0.9854
2227.4961	0.98544
2227.49798	0.98556
2227.49986	0.98579
2227.50174	0.98609
2227.50363	0.98646
2227.50551	0.98685
2227.50739	0.98725
2227.50928	0.98759
2227.51116	0.98785
2227.51304	0.98799
2227.51493	0.98799
2227.51681	0.98783
2227.51869	0.9875
2227.52058	0.98703
2227.52246	0.98643
2227.52434	0.98573
2227.52623	0.98497
2227.52811	0.98416
2227.52999	0.98336
2227.53188	0.98257
2227.53376	0.98181
2227.53564	0.9811
2227.53753	0.98044
2227.53941	0.97982
2227.54129	0.97926
2227.54318	0.97874
2227.54506	0.97828
2227.54694	0.97788
2227.54883	0.97754
2227.55071	0.97729
2227.55259	0.97711
2227.55448	0.97703
2227.55636	0.97701
2227.55824	0.97706
2227.56013	0.97715
2227.56201	0.97723
2227.56389	0.97726
2227.56578	0.97719
2227.56766	0.97695
2227.56954	0.9765
2227.57143	0.97576
2227.57331	0.97468
2227.57519	0.97319
2227.57708	0.97123
2227.57896	0.96873
2227.58084	0.96562
2227.58273	0.9618
2227.58461	0.9572
2227.58649	0.95171
2227.58838	0.94523
2227.59026	0.93768
2227.59214	0.92898
2227.59403	0.91908
2227.59591	0.90797
2227.59779	0.89569
2227.59968	0.88231
2227.60156	0.86798
2227.60344	0.85286
2227.60532	0.8372
2227.60721	0.82124
2227.60909	0.80524
2227.61097	0.78948
2227.61286	0.77418
2227.61474	0.75958
2227.61662	0.74582
2227.61851	0.73303
2227.62039	0.72129
2227.62227	0.71061
2227.62416	0.70099
2227.62604	0.69241
2227.62792	0.68485
2227.62981	0.67828
2227.63169	0.67272
2227.63357	0.6682
2227.63546	0.66478
2227.63734	0.66255
2227.63922	0.66161
2227.64111	0.66208
2227.64299	0.66404
2227.64487	0.66758
2227.64676	0.67272
2227.64864	0.67944
2227.65052	0.68767
2227.65241	0.69731
2227.65429	0.70817
2227.65617	0.72007
2227.65806	0.7328
2227.65994	0.74612
2227.66182	0.75983
2227.66371	0.77374
2227.66559	0.78769
2227.66747	0.80154
2227.66936	0.81519
2227.67124	0.82857
2227.67312	0.84161
2227.67501	0.85428
2227.67689	0.86651
2227.67877	0.87827
2227.68066	0.88948
2227.68254	0.90009
2227.68442	0.91001
2227.68631	0.91917
2227.68819	0.9275
2227.69007	0.93496
2227.69196	0.94151
2227.69384	0.94716
2227.69572	0.95193
2227.69761	0.95589
2227.69949	0.95912
2227.70137	0.96171
2227.70325	0.96379
2227.70514	0.96545
2227.70702	0.9668
2227.7089	0.96792
2227.71079	0.96887
2227.71267	0.9697
2227.71455	0.97042
2227.71644	0.97103
2227.71832	0.97154
2227.7202	0.97194
2227.72209	0.97221
2227.72397	0.97236
2227.72585	0.97239
2227.72774	0.97234
2227.72962	0.97223
2227.7315	0.9721
2227.73339	0.97199
2227.73527	0.97192
2227.73715	0.97192
2227.73904	0.972
2227.74092	0.97214
2227.7428	0.97233
2227.74469	0.97253
2227.74657	0.97269
2227.74845	0.97276
2227.75034	0.9727
2227.75222	0.97247
2227.7541	0.97204
2227.75599	0.97142
2227.75787	0.97059
2227.75975	0.9696
2227.76164	0.96848
2227.76352	0.96728
2227.7654	0.96605
2227.76729	0.96484
2227.76917	0.9637
2227.77105	0.96266
2227.77294	0.96174
2227.77482	0.96095
2227.7767	0.96027
2227.77859	0.95967
2227.78047	0.95912
2227.78235	0.95858
2227.78424	0.95799
2227.78612	0.9573
2227.788	0.95647
2227.78989	0.95545
2227.79177	0.95423
2227.79365	0.95276
2227.79554	0.95105
2227.79742	0.94908
2227.7993	0.94685
2227.80118	0.94434
2227.80307	0.94156
2227.80495	0.9385
2227.80683	0.93512
2227.80872	0.9314
2227.8106	0.92728
2227.81248	0.92271
2227.81437	0.91759
2227.81625	0.91184
2227.81813	0.90536
2227.82002	0.89801
2227.8219	0.88967
2227.82378	0.8802
2227.82567	0.86947
2227.82755	0.85732
2227.82943	0.84364
2227.83132	0.82827
2227.8332	0.8111
2227.83508	0.79201
2227.83697	0.77093
2227.83885	0.74779
2227.84073	0.72256
2227.84262	0.69527
2227.8445	0.66599
2227.84638	0.63485
2227.84827	0.60205
2227.85015	0.56787
2227.85203	0.53266
2227.85392	0.49685
2227.8558	0.46093
2227.85768	0.42546
2227.85957	0.39103
2227.86145	0.35827
2227.86333	0.32781
2227.86522	0.30024
2227.8671	0.27614
2227.86898	0.25599
2227.87087	0.24021
2227.87275	0.2291
2227.87463	0.22288
2227.87652	0.22163
2227.8784	0.22531
2227.88028	0.23381
2227.88217	0.24688
2227.88405	0.26422
2227.88593	0.28544
2227.88782	0.31011
2227.8897	0.33777
2227.89158	0.36792
2227.89347	0.40005
2227.89535	0.43366
2227.89723	0.46825
2227.89911	0.50332
2227.901	0.53842
2227.90288	0.57309
2227.90476	0.60694
2227.90665	0.63958
2227.90853	0.6707
2227.91041	0.70002
2227.9123	0.72732
2227.91418	0.75245
2227.91606	0.77534
2227.91795	0.79595
2227.91983	0.81433
2227.92171	0.83058
2227.9236	0.84485
2227.92548	0.85732
2227.92736	0.8682
2227.92925	0.87771
2227.93113	0.88606
2227.93301	0.89345
2227.9349	0.90005
2227.93678	0.90602
2227.93866	0.91147
2227.94055	0.91648
2227.94243	0.92113
2227.94431	0.92544
2227.9462	0.92943
2227.94808	0.93313
2227.94996	0.93653
2227.95185	0.93965
2227.95373	0.94249
2227.95561	0.94507
2227.9575	0.94742
2227.95938	0.94955
2227.96126	0.9515
2227.96315	0.95329
2227.96503	0.95495
2227.96691	0.9565
2227.9688	0.95797
2227.97068	0.95938
2227.97256	0.96074
2227.97445	0.96207
2227.97633	0.96337
2227.97821	0.96467
2227.9801	0.96597
2227.98198	0.96727
2227.98386	0.96858
2227.98575	0.96991
2227.98763	0.97124
2227.98951	0.97256
2227.9914	0.97385
2227.99328	0.97511
2227.99516	0.97628
2227.99705	0.97737
2227.99893	0.97833
2228.00081	0.97914
