2214.99871	0.99152
2215.0006	0.99187
2215.00248	0.99231
2215.00436	0.99281
2215.00625	0.99327
2215.00813	0.99364
2215.01001	0.99385
2215.0119	0.99386
2215.01378	0.99366
2215.01566	0.99326
2215.01755	0.9927
2215.01943	0.99206
2215.02131	0.99141
2215.0232	0.99082
2215.02508	0.99037
2215.02696	0.99008
2215.02885	0.98996
2215.03073	0.99
2215.03261	0.99013
2215.0345	0.99029
2215.03638	0.99041
2215.03826	0.99042
2215.04015	0.99028
2215.04203	0.98997
2215.04391	0.98951
2215.0458	0.98896
2215.04768	0.98838
2215.04956	0.98786
2215.05145	0.98745
2215.05333	0.98721
2215.05521	0.98715
2215.0571	0.98725
2215.05898	0.98746
2215.06086	0.98771
2215.06275	0.98792
2215.06463	0.98803
2215.06651	0.98798
2215.0684	0.98779
2215.07028	0.9875
2215.07216	0.98717
2215.07405	0.9869
2215.07593	0.98676
2215.07781	0.98677
2215.0797	0.98687
2215.08158	0.98687
2215.08346	0.98648
2215.08535	0.98525
2215.08723	0.98263
2215.08911	0.97802
2215.091	0.97079
2215.09288	0.96039
2215.09476	0.94643
2215.09664	0.92873
2215.09853	0.90739
2215.10041	0.88284
2215.10229	0.85585
2215.10418	0.82747
2215.10606	0.799
2215.10794	0.77189
2215.10983	0.7476
2215.11171	0.72755
2215.11359	0.71292
2215.11548	0.70459
2215.11736	0.70304
2215.11924	0.70833
2215.12113	0.7201
2215.12301	0.73757
2215.12489	0.75965
2215.12678	0.78501
2215.12866	0.81223
2215.13054	0.83988
2215.13243	0.86668
2215.13431	0.89153
2215.13619	0.91362
2215.13808	0.93244
2215.13996	0.94779
2215.14184	0.95975
2215.14373	0.9686
2215.14561	0.97481
2215.14749	0.97891
2215.14938	0.98146
2215.15126	0.98295
2215.15314	0.98382
2215.15503	0.98438
2215.15691	0.98484
2215.15879	0.9853
2215.16068	0.9858
2215.16256	0.98629
2215.16444	0.98674
2215.16633	0.9871
2215.16821	0.98733
2215.17009	0.98743
2215.17198	0.98744
2215.17386	0.98739
2215.17574	0.98735
2215.17763	0.98736
2215.17951	0.98747
2215.18139	0.98769
2215.18328	0.98802
2215.18516	0.98843
2215.18704	0.98887
2215.18893	0.98929
2215.19081	0.98964
2215.19269	0.98988
2215.19457	0.98997
2215.19646	0.98994
2215.19834	0.98979
2215.20022	0.98956
2215.20211	0.9893
2215.20399	0.98905
2215.20587	0.98886
2215.20776	0.98875
2215.20964	0.98875
2215.21152	0.98884
2215.21341	0.989
2215.21529	0.9892
2215.21717	0.98938
2215.21906	0.98948
2215.22094	0.98941
2215.22282	0.9891
2215.22471	0.98844
2215.22659	0.98734
2215.22847	0.9857
2215.23036	0.9834
2215.23224	0.98036
2215.23412	0.97651
2215.23601	0.9718
2215.23789	0.96623
2215.23977	0.95987
2215.24166	0.95284
2215.24354	0.94534
2215.24542	0.93764
2215.24731	0.93006
2215.24919	0.92295
2215.25107	0.91668
2215.25296	0.91162
2215.25484	0.90806
2215.25672	0.90624
2215.25861	0.9063
2215.26049	0.90827
2215.26237	0.91205
2215.26426	0.91744
2215.26614	0.92415
2215.26802	0.93181
2215.26991	0.94003
2215.27179	0.9484
2215.27367	0.95656
2215.27556	0.96419
2215.27744	0.97104
2215.27932	0.97697
2215.28121	0.98191
2215.28309	0.98586
2215.28497	0.98891
2215.28686	0.99117
2215.28874	0.99277
2215.29062	0.99386
2215.2925	0.99456
2215.29439	0.99498
2215.29627	0.99519
2215.29815	0.99524
2215.30004	0.99516
2215.30192	0.99496
2215.3038	0.99466
2215.30569	0.99426
2215.30757	0.99379
2215.30945	0.99326
2215.31134	0.99273
2215.31322	0.99223
2215.3151	0.99178
2215.31699	0.99143
2215.31887	0.99117
2215.32075	0.99102
2215.32264	0.99095
2215.32452	0.99093
2215.3264	0.99092
2215.32829	0.99089
2215.33017	0.99081
2215.33205	0.99065
2215.33394	0.99042
2215.33582	0.99014
2215.3377	0.98985
2215.33959	0.98959
2215.34147	0.9894
2215.34335	0.98935
2215.34524	0.98945
2215.34712	0.98973
2215.349	0.99018
2215.35089	0.99078
2215.35277	0.99149
2215.35465	0.99225
2215.35654	0.99302
2215.35842	0.99373
2215.3603	0.99434
2215.36219	0.99483
2215.36407	0.99518
2215.36595	0.9954
2215.36784	0.99551
2215.36972	0.99555
2215.3716	0.99554
2215.37349	0.99553
2215.37537	0.99554
2215.37725	0.99558
2215.37914	0.99567
2215.38102	0.99581
2215.3829	0.99597
2215.38479	0.99616
2215.38667	0.99636
2215.38855	0.99654
2215.39043	0.99672
2215.39232	0.99689
2215.3942	0.99706
2215.39608	0.99723
2215.39797	0.99741
2215.39985	0.99761
2215.40173	0.99783
2215.40362	0.99805
2215.4055	0.99826
2215.40738	0.99844
2215.40927	0.99856
2215.41115	0.99859
2215.41303	0.99852
2215.41492	0.99833
2215.4168	0.99801
2215.41868	0.99759
2215.42057	0.99708
2215.42245	0.9965
2215.42433	0.99589
2215.42622	0.99529
2215.4281	0.99472
2215.42998	0.99421
2215.43187	0.99377
2215.43375	0.9934
2215.43563	0.9931
2215.43752	0.99286
2215.4394	0.99267
2215.44128	0.99251
2215.44317	0.99237
2215.44505	0.99225
2215.44693	0.99214
2215.44882	0.99206
2215.4507	0.99201
2215.45258	0.992
2215.45447	0.99203
2215.45635	0.99213
2215.45823	0.99227
2215.46012	0.99245
2215.462	0.99267
2215.46388	0.9929
2215.46577	0.99314
2215.46765	0.99336
2215.46953	0.99355
2215.47142	0.99372
2215.4733	0.99386
2215.47518	0.994
2215.47707	0.99414
2215.47895	0.99429
2215.48083	0.99448
2215.48272	0.99472
2215.4846	0.99499
2215.48648	0.9953
2215.48836	0.99564
2215.49025	0.99597
2215.49213	0.99628
2215.49401	0.99655
2215.4959	0.99675
2215.49778	0.99688
2215.49966	0.99692
2215.50155	0.99688
2215.50343	0.99678
2215.50531	0.99663
2215.5072	0.99646
2215.50908	0.99629
2215.51096	0.99613
2215.51285	0.996
2215.51473	0.9959
2215.51661	0.99584
2215.5185	0.9958
2215.52038	0.99577
2215.52226	0.99574
2215.52415	0.9957
2215.52603	0.99565
2215.52791	0.99559
2215.5298	0.99552
2215.53168	0.99546
2215.53356	0.99541
2215.53545	0.99538
2215.53733	0.99539
2215.53921	0.99543
2215.5411	0.99548
2215.54298	0.99554
2215.54486	0.99558
2215.54675	0.99558
2215.54863	0.9955
2215.55051	0.99533
2215.5524	0.99506
2215.55428	0.99467
2215.55616	0.99419
2215.55805	0.99362
2215.55993	0.99302
2215.56181	0.99241
2215.5637	0.99183
2215.56558	0.99134
2215.56746	0.99096
2215.56935	0.99071
2215.57123	0.99062
2215.57311	0.99069
2215.575	0.9909
2215.57688	0.99124
2215.57876	0.99168
2215.58065	0.99219
2215.58253	0.99274
2215.58441	0.9933
2215.5863	0.99384
2215.58818	0.99434
2215.59006	0.99477
2215.59194	0.99513
2215.59383	0.9954
2215.59571	0.99557
2215.59759	0.99563
2215.59948	0.99559
2215.60136	0.99545
2215.60324	0.99522
2215.60513	0.99491
2215.60701	0.99455
2215.60889	0.99415
2215.61078	0.99375
2215.61266	0.99338
2215.61454	0.99307
2215.61643	0.99284
2215.61831	0.99271
2215.62019	0.99269
2215.62208	0.99276
2215.62396	0.99292
2215.62584	0.99313
2215.62773	0.99336
2215.62961	0.99359
2215.63149	0.99378
2215.63338	0.99389
2215.63526	0.99392
2215.63714	0.99386
2215.63903	0.99372
2215.64091	0.9935
2215.64279	0.99324
2215.64468	0.99295
2215.64656	0.99268
2215.64844	0.99242
2215.65033	0.99221
2215.65221	0.99205
2215.65409	0.99194
2215.65598	0.99186
2215.65786	0.99181
2215.65974	0.99176
2215.66163	0.99171
2215.66351	0.99165
2215.66539	0.99157
2215.66728	0.99147
2215.66916	0.99136
2215.67104	0.99126
2215.67293	0.99118
2215.67481	0.99112
2215.67669	0.99108
2215.67858	0.99107
2215.68046	0.99107
2215.68234	0.99107
2215.68423	0.99104
2215.68611	0.99097
2215.68799	0.99084
2215.68987	0.99064
2215.69176	0.99036
2215.69364	0.99001
2215.69552	0.98962
2215.69741	0.98919
2215.69929	0.98877
2215.70117	0.98837
2215.70306	0.98802
2215.70494	0.98774
2215.70682	0.98751
2215.70871	0.98736
2215.71059	0.98725
2215.71247	0.98717
2215.71436	0.9871
2215.71624	0.98702
2215.71812	0.98691
2215.72001	0.98676
2215.72189	0.98656
2215.72377	0.98632
2215.72566	0.98605
2215.72754	0.98576
2215.72942	0.98545
2215.73131	0.98513
2215.73319	0.9848
2215.73507	0.98445
2215.73696	0.98407
2215.73884	0.98364
2215.74072	0.98315
2215.74261	0.9826
2215.74449	0.98199
2215.74637	0.98131
2215.74826	0.98061
2215.75014	0.97991
2215.75202	0.97926
2215.75391	0.97871
2215.75579	0.97829
2215.75767	0.97804
2215.75956	0.97799
2215.76144	0.97814
2215.76332	0.97848
2215.76521	0.97899
2215.76709	0.97961
2215.76897	0.9803
2215.77086	0.98101
2215.77274	0.98169
2215.77462	0.9823
2215.77651	0.9828
2215.77839	0.9832
2215.78027	0.9835
2215.78216	0.9837
2215.78404	0.98385
2215.78592	0.98396
2215.7878	0.98407
2215.78969	0.9842
2215.79157	0.98435
2215.79345	0.98454
2215.79534	0.98476
2215.79722	0.98501
2215.7991	0.98526
2215.80099	0.98551
2215.80287	0.98576
2215.80475	0.98599
2215.80664	0.98621
2215.80852	0.98643
2215.8104	0.98665
2215.81229	0.98689
2215.81417	0.98714
2215.81605	0.98741
2215.81794	0.98769
2215.81982	0.98796
2215.8217	0.9882
2215.82359	0.9884
2215.82547	0.98854
2215.82735	0.9886
2215.82924	0.98859
2215.83112	0.98852
2215.833	0.98841
2215.83489	0.98828
2215.83677	0.98817
2215.83865	0.9881
2215.84054	0.9881
2215.84242	0.98817
2215.8443	0.98832
2215.84619	0.98854
2215.84807	0.98879
2215.84995	0.98904
2215.85184	0.98926
2215.85372	0.98942
2215.8556	0.98949
2215.85749	0.98946
2215.85937	0.98936
2215.86125	0.98919
2215.86314	0.98899
2215.86502	0.98881
2215.8669	0.98868
2215.86879	0.98864
2215.87067	0.98871
2215.87255	0.98888
2215.87444	0.98915
2215.87632	0.98948
2215.8782	0.98984
2215.88009	0.99019
2215.88197	0.99049
2215.88385	0.99071
2215.88573	0.99084
2215.88762	0.99088
2215.8895	0.99086
2215.89138	0.9908
2215.89327	0.99073
2215.89515	0.9907
2215.89703	0.99073
2215.89892	0.99081
2215.9008	0.99095
2215.90268	0.99111
2215.90457	0.99126
2215.90645	0.99135
2215.90833	0.99135
2215.91022	0.99121
2215.9121	0.99094
2215.91398	0.99054
2215.91587	0.99005
2215.91775	0.98953
2215.91963	0.98904
2215.92152	0.98866
2215.9234	0.98844
2215.92528	0.98842
2215.92717	0.98861
2215.92905	0.98899
2215.93093	0.98953
2215.93282	0.99014
2215.9347	0.99074
2215.93658	0.99128
2215.93847	0.99166
2215.94035	0.99187
2215.94223	0.9919
2215.94412	0.99175
2215.946	0.99149
2215.94788	0.99118
2215.94977	0.99089
2215.95165	0.99068
2215.95353	0.99058
2215.95542	0.99061
2215.9573	0.99073
2215.95918	0.99089
2215.96107	0.99103
2215.96295	0.99108
2215.96483	0.99098
2215.96672	0.99071
2215.9686	0.99027
2215.97048	0.98973
2215.97237	0.98914
2215.97425	0.98859
2215.97613	0.98814
2215.97802	0.98777
2215.9799	0.98742
2215.98178	0.98687
2215.98367	0.98582
2215.98555	0.98382
2215.98743	0.98036
2215.98931	0.97486
2215.9912	0.96676
2215.99308	0.95557
2215.99496	0.94095
2215.99685	0.9228
2215.99873	0.90125
2216.00061	0.87674
2216.0025	0.85002
2216.00438	0.82207
2216.00626	0.79407
2216.00815	0.76731
2216.01003	0.7431
2216.01191	0.72262
2216.0138	0.70685
2216.01568	0.6965
2216.01756	0.69189
2216.01945	0.693
2216.02133	0.69943
2216.02321	0.71047
2216.0251	0.72518
2216.02698	0.74246
2216.02886	0.76119
2216.03075	0.78029
2216.03263	0.79886
2216.03451	0.8162
2216.0364	0.83187
2216.03828	0.84569
2216.04016	0.85771
2216.04205	0.86817
2216.04393	0.87744
2216.04581	0.88594
2216.0477	0.89407
2216.04958	0.90216
2216.05146	0.91042
2216.05335	0.91894
2216.05523	0.92766
2216.05711	0.93643
2216.059	0.94502
2216.06088	0.95315
2216.06276	0.96058
2216.06465	0.96709
2216.06653	0.97255
2216.06841	0.97693
2216.0703	0.98026
2216.07218	0.98266
2216.07406	0.98432
2216.07595	0.98542
2216.07783	0.98618
2216.07971	0.98675
2216.0816	0.98727
2216.08348	0.98781
2216.08536	0.98838
2216.08724	0.98898
2216.08913	0.98955
2216.09101	0.99004
2216.09289	0.9904
2216.09478	0.99059
2216.09666	0.99062
2216.09854	0.99051
2216.10043	0.9903
2216.10231	0.99006
2216.10419	0.98986
2216.10608	0.98973
2216.10796	0.98973
2216.10984	0.98984
2216.11173	0.99006
2216.11361	0.99035
2216.11549	0.99064
2216.11738	0.99088
2216.11926	0.99102
2216.12114	0.99102
2216.12303	0.99087
2216.12491	0.9906
2216.12679	0.99023
2216.12868	0.98982
2216.13056	0.98943
2216.13244	0.98912
2216.13433	0.98894
2216.13621	0.98891
2216.13809	0.98903
2216.13998	0.98928
2216.14186	0.98963
2216.14374	0.99003
2216.14563	0.99042
2216.14751	0.99076
2216.14939	0.99101
2216.15128	0.99118
2216.15316	0.99126
2216.15504	0.99128
2216.15693	0.99129
2216.15881	0.99132
2216.16069	0.99142
2216.16258	0.99162
2216.16446	0.99192
2216.16634	0.99233
2216.16823	0.99282
2216.17011	0.99335
2216.17199	0.99387
2216.17388	0.99434
2216.17576	0.99471
2216.17764	0.99496
2216.17953	0.99506
2216.18141	0.99503
2216.18329	0.99488
2216.18517	0.99464
2216.18706	0.99432
2216.18894	0.99396
2216.19082	0.99358
2216.19271	0.99317
2216.19459	0.99273
2216.19647	0.99224
2216.19836	0.99169
2216.20024	0.99105
2216.20212	0.99031
2216.20401	0.98948
2216.20589	0.98856
2216.20777	0.9876
2216.20966	0.98666
2216.21154	0.9858
2216.21342	0.9851
2216.21531	0.98461
2216.21719	0.9844
2216.21907	0.9845
2216.22096	0.98492
2216.22284	0.98563
2216.22472	0.98659
2216.22661	0.98775
2216.22849	0.98901
2216.23037	0.99029
2216.23226	0.99152
2216.23414	0.99264
2216.23602	0.99359
2216.23791	0.99435
2216.23979	0.99492
2216.24167	0.99531
2216.24356	0.99554
2216.24544	0.99566
2216.24732	0.9957
2216.24921	0.99569
2216.25109	0.99565
2216.25297	0.9956
2216.25486	0.99554
2216.25674	0.99547
2216.25862	0.99538
2216.26051	0.99527
2216.26239	0.99513
2216.26427	0.99497
2216.26616	0.99479
2216.26804	0.99461
2216.26992	0.99446
2216.27181	0.99436
2216.27369	0.99432
2216.27557	0.99436
2216.27746	0.99449
2216.27934	0.99469
2216.28122	0.99494
2216.2831	0.99524
2216.28499	0.99554
2216.28687	0.99581
2216.28875	0.99605
2216.29064	0.99622
2216.29252	0.99632
2216.2944	0.99636
2216.29629	0.99635
2216.29817	0.99631
2216.30005	0.99626
2216.30194	0.99622
2216.30382	0.99622
2216.3057	0.99625
2216.30759	0.99633
2216.30947	0.99644
2216.31135	0.99657
2216.31324	0.99669
2216.31512	0.99678
2216.317	0.99682
2216.31889	0.9968
2216.32077	0.9967
2216.32265	0.99653
2216.32454	0.9963
2216.32642	0.99603
2216.3283	0.99574
2216.33019	0.99544
2216.33207	0.99517
2216.33395	0.99493
2216.33584	0.99474
2216.33772	0.9946
2216.3396	0.9945
2216.34149	0.99444
2216.34337	0.99439
2216.34525	0.99435
2216.34714	0.9943
2216.34902	0.99424
2216.3509	0.99417
2216.35279	0.99409
2216.35467	0.994
2216.35655	0.99393
2216.35844	0.99388
2216.36032	0.99388
2216.3622	0.99392
2216.36409	0.99403
2216.36597	0.9942
2216.36785	0.99442
2216.36974	0.9947
2216.37162	0.99503
2216.3735	0.9954
2216.37539	0.99579
2216.37727	0.9962
2216.37915	0.99662
2216.38104	0.99704
2216.38292	0.99746
2216.3848	0.99787
2216.38668	0.99827
2216.38857	0.99866
2216.39045	0.99901
2216.39233	0.99933
2216.39422	0.9996
2216.3961	0.99981
2216.39798	0.99995
2216.39987	1
2216.40175	0.99996
2216.40363	0.99982
2216.40552	0.99958
2216.4074	0.99925
2216.40928	0.99883
2216.41117	0.99835
2216.41305	0.9978
2216.41493	0.99722
2216.41682	0.99661
2216.4187	0.99599
2216.42058	0.99539
2216.42247	0.99481
2216.42435	0.99427
2216.42623	0.99379
2216.42812	0.99338
2216.43	0.99306
2216.43188	0.99283
2216.43377	0.9927
2216.43565	0.99269
2216.43753	0.99279
2216.43942	0.993
2216.4413	0.99331
2216.44318	0.9937
2216.44507	0.99416
2216.44695	0.99465
2216.44883	0.99514
2216.45072	0.99562
2216.4526	0.99605
2216.45448	0.99642
2216.45637	0.99671
2216.45825	0.99691
2216.46013	0.99704
2216.46202	0.9971
2216.4639	0.99712
2216.46578	0.99711
2216.46767	0.99711
2216.46955	0.99712
2216.47143	0.99718
2216.47332	0.99727
2216.4752	0.99742
2216.47708	0.9976
2216.47897	0.9978
2216.48085	0.998
2216.48273	0.99818
2216.48461	0.99831
2216.4865	0.99837
2216.48838	0.99836
2216.49026	0.99827
2216.49215	0.99809
2216.49403	0.99786
2216.49591	0.99758
2216.4978	0.99728
2216.49968	0.99699
2216.50156	0.99673
2216.50345	0.99651
2216.50533	0.99636
2216.50721	0.99629
2216.5091	0.99629
2216.51098	0.99635
2216.51286	0.99648
2216.51475	0.99666
2216.51663	0.99687
2216.51851	0.99711
2216.5204	0.99735
2216.52228	0.9976
2216.52416	0.99785
2216.52605	0.99809
2216.52793	0.99832
2216.52981	0.99853
2216.5317	0.99872
2216.53358	0.99888
2216.53546	0.999
2216.53735	0.99907
2216.53923	0.99909
2216.54111	0.99903
2216.543	0.9989
2216.54488	0.99869
2216.54676	0.99841
2216.54865	0.99806
2216.55053	0.99766
2216.55241	0.99723
2216.5543	0.99679
2216.55618	0.99637
2216.55806	0.99598
2216.55995	0.99565
2216.56183	0.99538
2216.56371	0.99518
2216.5656	0.99503
2216.56748	0.99494
2216.56936	0.99488
2216.57125	0.99484
2216.57313	0.99478
2216.57501	0.99471
2216.5769	0.9946
2216.57878	0.99446
2216.58066	0.99427
2216.58254	0.99406
2216.58443	0.99384
2216.58631	0.99361
2216.58819	0.99341
2216.59008	0.99325
2216.59196	0.99313
2216.59384	0.99308
2216.59573	0.99308
2216.59761	0.99314
2216.59949	0.99324
2216.60138	0.99338
2216.60326	0.99355
2216.60514	0.99373
2216.60703	0.99392
2216.60891	0.99411
2216.61079	0.9943
2216.61268	0.99447
2216.61456	0.99464
2216.61644	0.99479
2216.61833	0.99492
2216.62021	0.99502
2216.62209	0.99507
2216.62398	0.99506
2216.62586	0.99497
2216.62774	0.99479
2216.62963	0.99451
2216.63151	0.99411
2216.63339	0.99361
2216.63528	0.99301
2216.63716	0.99236
2216.63904	0.99166
2216.64093	0.99098
2216.64281	0.99034
2216.64469	0.9898
2216.64658	0.98937
2216.64846	0.98909
2216.65034	0.98896
2216.65223	0.98899
2216.65411	0.98915
2216.65599	0.98942
2216.65788	0.98977
2216.65976	0.99016
2216.66164	0.99056
2216.66353	0.99092
2216.66541	0.99125
2216.66729	0.99151
2216.66918	0.99171
2216.67106	0.99186
2216.67294	0.99197
2216.67483	0.99204
2216.67671	0.99211
2216.67859	0.99218
2216.68047	0.99226
2216.68236	0.99234
2216.68424	0.99244
2216.68612	0.99255
2216.68801	0.99266
2216.68989	0.99277
2216.69177	0.99289
2216.69366	0.99301
2216.69554	0.99315
2216.69742	0.99333
2216.69931	0.99356
2216.70119	0.99386
2216.70307	0.99422
2216.70496	0.99466
2216.70684	0.99516
2216.70872	0.99569
2216.71061	0.99624
2216.71249	0.99676
2216.71437	0.99722
2216.71626	0.99759
2216.71814	0.99785
2216.72002	0.99797
2216.72191	0.99796
2216.72379	0.99784
2216.72567	0.99762
2216.72756	0.99735
2216.72944	0.99705
2216.73132	0.99677
2216.73321	0.99653
2216.73509	0.99634
2216.73697	0.9962
2216.73886	0.99612
2216.74074	0.99606
2216.74262	0.996
2216.74451	0.9959
2216.74639	0.99575
2216.74827	0.99553
2216.75016	0.99522
2216.75204	0.99484
2216.75392	0.9944
2216.75581	0.99394
2216.75769	0.99349
2216.75957	0.99309
2216.76146	0.99275
2216.76334	0.99252
2216.76522	0.99238
2216.76711	0.99234
2216.76899	0.99238
2216.77087	0.99246
2216.77276	0.99255
2216.77464	0.99259
2216.77652	0.99254
2216.77841	0.99233
2216.78029	0.99192
2216.78217	0.99122
2216.78405	0.99018
2216.78594	0.9887
2216.78782	0.98669
2216.7897	0.98406
2216.79159	0.9807
2216.79347	0.97653
2216.79535	0.97149
2216.79724	0.96553
2216.79912	0.95869
2216.801	0.95105
2216.80289	0.94275
2216.80477	0.93403
2216.80665	0.92517
2216.80854	0.91653
2216.81042	0.90846
2216.8123	0.90136
2216.81419	0.89557
2216.81607	0.89141
2216.81795	0.88909
2216.81984	0.88873
2216.82172	0.89034
2216.8236	0.89382
2216.82549	0.89896
2216.82737	0.90548
2216.82925	0.91303
2216.83114	0.92124
2216.83302	0.92974
2216.8349	0.93818
2216.83679	0.94628
2216.83867	0.95382
2216.84055	0.96063
2216.84244	0.96663
2216.84432	0.97179
2216.8462	0.9761
2216.84809	0.97962
2216.84997	0.98239
2216.85185	0.98448
2216.85374	0.98596
2216.85562	0.9869
2216.8575	0.98739
2216.85939	0.98752
2216.86127	0.9874
2216.86315	0.98714
2216.86504	0.98687
2216.86692	0.9867
2216.8688	0.98669
2216.87069	0.98685
2216.87257	0.98709
2216.87445	0.98722
2216.87634	0.98694
2216.87822	0.98581
2216.8801	0.98332
2216.88198	0.97888
2216.88387	0.97193
2216.88575	0.96195
2216.88763	0.94858
2216.88952	0.93164
2216.8914	0.91124
2216.89328	0.88778
2216.89517	0.86195
2216.89705	0.83473
2216.89893	0.80736
2216.90082	0.78118
2216.9027	0.75763
2216.90458	0.73803
2216.90647	0.72357
2216.90835	0.71512
2216.91023	0.7132
2216.91212	0.71794
2216.914	0.72901
2216.91588	0.74572
2216.91777	0.76705
2216.91965	0.79171
2216.92153	0.81832
2216.92342	0.84548
2216.9253	0.87186
2216.92718	0.89637
2216.92907	0.91814
2216.93095	0.93665
2216.93283	0.95166
2216.93472	0.96322
2216.9366	0.97162
2216.93848	0.97734
2216.94037	0.98093
2216.94225	0.98298
2216.94413	0.98403
2216.94602	0.98455
2216.9479	0.98487
2216.94978	0.9852
2216.95167	0.98564
2216.95355	0.9862
2216.95543	0.98681
2216.95732	0.9874
2216.9592	0.98786
2216.96108	0.98815
2216.96297	0.98824
2216.96485	0.98815
2216.96673	0.98793
2216.96862	0.98767
2216.9705	0.98744
2216.97238	0.98731
2216.97427	0.98733
2216.97615	0.9875
2216.97803	0.9878
2216.97991	0.98818
2216.9818	0.98857
2216.98368	0.98891
2216.98556	0.98914
2216.98745	0.98923
2216.98933	0.98918
2216.99121	0.98901
2216.9931	0.98878
2216.99498	0.98856
2216.99686	0.98843
2216.99875	0.98845
2217.00063	0.98866
2217.00251	0.98907
2217.0044	0.98966
2217.00628	0.99038
2217.00816	0.99114
2217.01005	0.99187
2217.01193	0.99247
2217.01381	0.99287
2217.0157	0.99303
2217.01758	0.99292
2217.01946	0.99258
2217.02135	0.99205
2217.02323	0.99139
2217.02511	0.99068
2217.027	0.99
2217.02888	0.98942
2217.03076	0.98898
2217.03265	0.9887
2217.03453	0.98856
2217.03641	0.98855
2217.0383	0.98861
2217.04018	0.98871
2217.04206	0.9888
2217.04395	0.98886
2217.04583	0.98886
2217.04771	0.98883
2217.0496	0.98876
2217.05148	0.9887
2217.05336	0.98868
2217.05525	0.98872
2217.05713	0.98884
2217.05901	0.98903
2217.0609	0.98927
2217.06278	0.98954
2217.06466	0.98978
2217.06655	0.98994
2217.06843	0.98998
2217.07031	0.98987
2217.0722	0.98959
2217.07408	0.98915
2217.07596	0.98858
2217.07784	0.98792
2217.07973	0.98724
2217.08161	0.98658
2217.08349	0.986
2217.08538	0.98555
2217.08726	0.98524
2217.08914	0.98508
2217.09103	0.98506
2217.09291	0.98515
2217.09479	0.98531
2217.09668	0.98551
2217.09856	0.98571
2217.10044	0.9859
2217.10233	0.98605
2217.10421	0.98619
2217.10609	0.98633
2217.10798	0.98649
2217.10986	0.9867
2217.11174	0.98696
2217.11363	0.98731
2217.11551	0.98772
2217.11739	0.98819
2217.11928	0.98867
2217.12116	0.98915
2217.12304	0.98958
2217.12493	0.98993
2217.12681	0.99018
2217.12869	0.99033
2217.13058	0.99038
2217.13246	0.99035
2217.13434	0.9903
2217.13623	0.99025
2217.13811	0.99025
2217.13999	0.99033
2217.14188	0.9905
2217.14376	0.99078
2217.14564	0.99116
2217.14753	0.9916
2217.14941	0.99207
2217.15129	0.99253
2217.15318	0.99294
2217.15506	0.99328
2217.15694	0.99352
2217.15883	0.99368
2217.16071	0.99376
2217.16259	0.99378
2217.16448	0.99378
2217.16636	0.99379
2217.16824	0.99384
2217.17013	0.99395
2217.17201	0.99411
2217.17389	0.99433
2217.17578	0.99457
2217.17766	0.99481
2217.17954	0.99501
2217.18142	0.99514
2217.18331	0.99519
2217.18519	0.99513
2217.18707	0.99498
2217.18896	0.99476
2217.19084	0.99448
2217.19272	0.99419
2217.19461	0.99393
2217.19649	0.99372
2217.19837	0.9936
2217.20026	0.99356
2217.20214	0.99361
2217.20402	0.99374
2217.20591	0.99391
2217.20779	0.99411
2217.20967	0.9943
2217.21156	0.99447
2217.21344	0.9946
2217.21532	0.99469
2217.21721	0.99474
2217.21909	0.99478
2217.22097	0.99483
2217.22286	0.99491
2217.22474	0.99503
2217.22662	0.9952
2217.22851	0.99542
2217.23039	0.99568
2217.23227	0.99595
2217.23416	0.9962
2217.23604	0.9964
2217.23792	0.99653
2217.23981	0.99657
2217.24169	0.9965
2217.24357	0.99635
2217.24546	0.99613
2217.24734	0.99586
2217.24922	0.99559
2217.25111	0.99534
2217.25299	0.99515
2217.25487	0.99503
2217.25676	0.99499
2217.25864	0.99503
2217.26052	0.99514
2217.26241	0.99528
2217.26429	0.99542
2217.26617	0.99554
2217.26806	0.99562
2217.26994	0.99563
2217.27182	0.99559
2217.27371	0.99549
2217.27559	0.99536
2217.27747	0.99523
2217.27935	0.99511
2217.28124	0.99504
2217.28312	0.99503
2217.285	0.9951
2217.28689	0.99524
2217.28877	0.99544
2217.29065	0.99568
2217.29254	0.99593
2217.29442	0.99618
2217.2963	0.9964
2217.29819	0.99657
2217.30007	0.99669
2217.30195	0.99677
2217.30384	0.99681
2217.30572	0.99683
2217.3076	0.99684
2217.30949	0.99688
2217.31137	0.99694
2217.31325	0.99703
2217.31514	0.99716
2217.31702	0.99732
2217.3189	0.99749
2217.32079	0.99766
2217.32267	0.99783
2217.32455	0.99797
2217.32644	0.99809
2217.32832	0.99819
2217.3302	0.99827
2217.33209	0.99834
2217.33397	0.99841
2217.33585	0.99849
2217.33774	0.99859
2217.33962	0.99869
2217.3415	0.9988
2217.34339	0.99889
2217.34527	0.99895
2217.34715	0.99896
2217.34904	0.9989
2217.35092	0.99876
2217.3528	0.99853
2217.35469	0.99823
2217.35657	0.99786
2217.35845	0.99746
2217.36034	0.99705
2217.36222	0.99667
2217.3641	0.99633
2217.36599	0.99607
2217.36787	0.99589
2217.36975	0.9958
2217.37164	0.99578
2217.37352	0.99582
2217.3754	0.99589
2217.37728	0.99598
2217.37917	0.99607
2217.38105	0.99614
2217.38293	0.9962
2217.38482	0.99623
2217.3867	0.99627
2217.38858	0.99631
2217.39047	0.99639
2217.39235	0.99651
2217.39423	0.99667
2217.39612	0.99688
2217.398	0.99713
2217.39988	0.99739
2217.40177	0.99763
2217.40365	0.99782
2217.40553	0.99794
2217.40742	0.99796
2217.4093	0.99788
2217.41118	0.99769
2217.41307	0.9974
2217.41495	0.99705
2217.41683	0.99666
2217.41872	0.99627
2217.4206	0.99593
2217.42248	0.99566
2217.42437	0.99549
2217.42625	0.99541
2217.42813	0.99544
2217.43002	0.99555
2217.4319	0.99573
2217.43378	0.99594
2217.43567	0.99617
2217.43755	0.9964
2217.43943	0.9966
2217.44132	0.99679
2217.4432	0.99695
2217.44508	0.99711
2217.44697	0.99728
2217.44885	0.99746
2217.45073	0.99768
2217.45262	0.99793
2217.4545	0.9982
2217.45638	0.99848
2217.45827	0.99875
2217.46015	0.99897
2217.46203	0.99912
2217.46392	0.99917
2217.4658	0.9991
2217.46768	0.9989
2217.46957	0.99857
2217.47145	0.99813
2217.47333	0.99758
2217.47521	0.99697
2217.4771	0.99632
2217.47898	0.99565
2217.48086	0.99499
2217.48275	0.99437
2217.48463	0.99379
2217.48651	0.99325
2217.4884	0.99277
2217.49028	0.99234
2217.49216	0.99197
2217.49405	0.99166
2217.49593	0.99143
2217.49781	0.99128
2217.4997	0.99123
2217.50158	0.99131
2217.50346	0.99151
2217.50535	0.99184
2217.50723	0.99231
2217.50911	0.99288
2217.511	0.99353
2217.51288	0.99422
2217.51476	0.9949
2217.51665	0.99552
2217.51853	0.99605
2217.52041	0.99644
2217.5223	0.99667
2217.52418	0.99674
2217.52606	0.99667
2217.52795	0.99647
2217.52983	0.9962
2217.53171	0.9959
2217.5336	0.99561
2217.53548	0.99538
2217.53736	0.99525
2217.53925	0.99523
2217.54113	0.99532
2217.54301	0.99549
2217.5449	0.99572
2217.54678	0.99592
2217.54866	0.99603
2217.55055	0.99596
2217.55243	0.99559
2217.55431	0.99483
2217.5562	0.99355
2217.55808	0.99165
2217.55996	0.98902
2217.56185	0.98558
2217.56373	0.98126
2217.56561	0.97602
2217.5675	0.96986
2217.56938	0.96283
2217.57126	0.95503
2217.57314	0.94661
2217.57503	0.93779
2217.57691	0.92883
2217.57879	0.92004
2217.58068	0.91176
2217.58256	0.90433
2217.58444	0.89808
2217.58633	0.89331
2217.58821	0.89025
2217.59009	0.88906
2217.59198	0.88982
2217.59386	0.89248
2217.59574	0.89693
2217.59763	0.90294
2217.59951	0.91024
2217.60139	0.91848
2217.60328	0.9273
2217.60516	0.93635
2217.60704	0.9453
2217.60893	0.95384
2217.61081	0.96175
2217.61269	0.96887
2217.61458	0.9751
2217.61646	0.98039
2217.61834	0.98477
2217.62023	0.98829
2217.62211	0.99102
2217.62399	0.99306
2217.62588	0.99451
2217.62776	0.99546
2217.62964	0.99598
2217.63153	0.99616
2217.63341	0.99606
2217.63529	0.99574
2217.63718	0.99527
2217.63906	0.99471
2217.64094	0.99412
2217.64283	0.99356
2217.64471	0.99307
2217.64659	0.99271
2217.64848	0.99249
2217.65036	0.99242
2217.65224	0.9925
2217.65413	0.9927
2217.65601	0.99297
2217.65789	0.99328
2217.65978	0.99357
2217.66166	0.99382
2217.66354	0.994
2217.66543	0.9941
2217.66731	0.99414
2217.66919	0.99415
2217.67108	0.99415
2217.67296	0.9942
2217.67484	0.99431
2217.67672	0.99452
2217.67861	0.99481
2217.68049	0.99518
2217.68237	0.99558
2217.68426	0.99595
2217.68614	0.99625
2217.68802	0.99641
2217.68991	0.99639
2217.69179	0.99618
2217.69367	0.99577
2217.69556	0.9952
2217.69744	0.9945
2217.69932	0.99376
2217.70121	0.99303
2217.70309	0.99237
2217.70497	0.99183
2217.70686	0.99145
2217.70874	0.9912
2217.71062	0.99108
2217.71251	0.99103
2217.71439	0.99101
2217.71627	0.99096
2217.71816	0.99086
2217.72004	0.99067
2217.72192	0.99041
2217.72381	0.9901
2217.72569	0.98979
2217.72757	0.98951
2217.72946	0.98932
2217.73134	0.98925
2217.73322	0.98929
2217.73511	0.98943
2217.73699	0.9896
2217.73887	0.98975
2217.74076	0.98978
2217.74264	0.98965
2217.74452	0.98929
2217.74641	0.98872
2217.74829	0.98797
2217.75017	0.98712
2217.75206	0.98628
2217.75394	0.98555
2217.75582	0.98502
2217.75771	0.9847
2217.75959	0.9845
2217.76147	0.98424
2217.76336	0.98359
2217.76524	0.98209
2217.76712	0.97919
2217.76901	0.97431
2217.77089	0.96686
2217.77277	0.95635
2217.77465	0.94244
2217.77654	0.92503
2217.77842	0.90429
2217.7803	0.88071
2217.78219	0.85507
2217.78407	0.82844
2217.78595	0.80209
2217.78784	0.77741
2217.78972	0.75579
2217.7916	0.73851
2217.79349	0.72665
2217.79537	0.72094
2217.79725	0.72176
2217.79914	0.72906
2217.80102	0.74237
2217.8029	0.76087
2217.80479	0.78345
2217.80667	0.80878
2217.80855	0.83546
2217.81044	0.86215
2217.81232	0.88761
2217.8142	0.91085
2217.81609	0.93114
2217.81797	0.94807
2217.81985	0.96151
2217.82174	0.97161
2217.82362	0.97873
2217.8255	0.98336
2217.82739	0.98606
2217.82927	0.98739
2217.83115	0.98785
2217.83304	0.98787
2217.83492	0.98773
2217.8368	0.98761
2217.83869	0.98759
2217.84057	0.98767
2217.84245	0.98779
2217.84434	0.98789
2217.84622	0.9879
2217.8481	0.9878
2217.84999	0.9876
2217.85187	0.98732
2217.85375	0.98702
2217.85564	0.98679
2217.85752	0.98669
2217.8594	0.98676
2217.86129	0.98702
2217.86317	0.98748
2217.86505	0.98807
2217.86694	0.98876
2217.86882	0.98945
2217.8707	0.9901
2217.87258	0.99065
2217.87447	0.99107
2217.87635	0.99137
2217.87823	0.99157
2217.88012	0.99171
2217.882	0.99185
2217.88388	0.99204
2217.88577	0.99231
2217.88765	0.99269
2217.88953	0.99315
2217.89142	0.99368
2217.8933	0.9942
2217.89518	0.99466
2217.89707	0.99499
2217.89895	0.99513
2217.90083	0.99505
2217.90272	0.99474
2217.9046	0.99422
2217.90648	0.99354
2217.90837	0.99276
2217.91025	0.99196
2217.91213	0.99121
2217.91402	0.99058
2217.9159	0.9901
2217.91778	0.98981
2217.91967	0.98969
2217.92155	0.98973
2217.92343	0.98988
2217.92532	0.99009
2217.9272	0.99033
2217.92908	0.99056
2217.93097	0.99074
2217.93285	0.99089
2217.93473	0.991
2217.93662	0.99109
2217.9385	0.99118
2217.94038	0.99129
2217.94227	0.99143
2217.94415	0.9916
2217.94603	0.99179
2217.94792	0.99197
2217.9498	0.99211
2217.95168	0.99219
2217.95357	0.99216
2217.95545	0.99201
2217.95733	0.99176
2217.95922	0.9914
2217.9611	0.99098
2217.96298	0.99053
2217.96487	0.99012
2217.96675	0.98978
2217.96863	0.98956
2217.97051	0.98949
2217.9724	0.98956
2217.97428	0.98977
2217.97616	0.99009
2217.97805	0.99048
2217.97993	0.99089
2217.98181	0.99128
2217.9837	0.99161
2217.98558	0.99186
2217.98746	0.99204
2217.98935	0.99214
2217.99123	0.9922
2217.99311	0.99224
2217.995	0.99231
2217.99688	0.99243
2217.99876	0.99261
2218.00065	0.99287
2218.00253	0.99319
2218.00441	0.99354
2218.0063	0.99391
2218.00818	0.99425
2218.01006	0.99453
2218.01195	0.99473
2218.01383	0.99485
2218.01571	0.99488
2218.0176	0.99484
2218.01948	0.99477
2218.02136	0.99468
2218.02325	0.99462
2218.02513	0.99461
2218.02701	0.99465
2218.0289	0.99475
2218.03078	0.99489
2218.03266	0.99505
2218.03455	0.99519
2218.03643	0.9953
2218.03831	0.99533
2218.0402	0.99528
2218.04208	0.99513
2218.04396	0.99491
2218.04585	0.99464
2218.04773	0.99436
2218.04961	0.99409
2218.0515	0.99387
2218.05338	0.99373
2218.05526	0.99369
2218.05715	0.99374
2218.05903	0.99387
2218.06091	0.99406
2218.0628	0.99426
2218.06468	0.99444
2218.06656	0.99457
2218.06845	0.99463
2218.07033	0.9946
2218.07221	0.9945
2218.07409	0.99433
2218.07598	0.99411
2218.07786	0.99389
2218.07974	0.99368
2218.08163	0.99351
2218.08351	0.99339
2218.08539	0.99332
2218.08728	0.9933
2218.08916	0.9933
2218.09104	0.9933
2218.09293	0.99328
2218.09481	0.99322
2218.09669	0.99311
2218.09858	0.99294
2218.10046	0.99272
2218.10234	0.99247
2218.10423	0.9922
2218.10611	0.99196
2218.10799	0.99174
2218.10988	0.99157
2218.11176	0.99145
2218.11364	0.99138
2218.11553	0.99135
2218.11741	0.99135
2218.11929	0.99135
2218.12118	0.99135
2218.12306	0.99134
2218.12494	0.99133
2218.12683	0.99133
2218.12871	0.99138
2218.13059	0.99148
2218.13248	0.99167
2218.13436	0.99197
2218.13624	0.99238
2218.13813	0.99289
2218.14001	0.99349
2218.14189	0.99413
2218.14378	0.99477
2218.14566	0.99535
2218.14754	0.99582
2218.14943	0.99614
2218.15131	0.99628
2218.15319	0.99623
2218.15508	0.99602
2218.15696	0.99566
2218.15884	0.9952
2218.16073	0.9947
2218.16261	0.99422
2218.16449	0.9938
2218.16638	0.99348
2218.16826	0.99327
2218.17014	0.9932
2218.17202	0.99324
2218.17391	0.99336
2218.17579	0.99355
2218.17767	0.99376
2218.17956	0.99397
2218.18144	0.99418
2218.18332	0.99437
2218.18521	0.99456
2218.18709	0.99476
2218.18897	0.995
2218.19086	0.99529
2218.19274	0.99565
2218.19462	0.99608
2218.19651	0.99656
2218.19839	0.99708
2218.20027	0.9976
2218.20216	0.99808
2218.20404	0.99847
2218.20592	0.99873
2218.20781	0.99886
2218.20969	0.99884
2218.21157	0.99867
2218.21346	0.9984
2218.21534	0.99805
2218.21722	0.99768
2218.21911	0.99732
2218.22099	0.99702
2218.22287	0.9968
2218.22476	0.99667
2218.22664	0.99661
2218.22852	0.99661
2218.23041	0.99663
2218.23229	0.99664
2218.23417	0.99658
2218.23606	0.99645
2218.23794	0.99622
2218.23982	0.9959
2218.24171	0.9955
2218.24359	0.99505
2218.24547	0.99461
2218.24736	0.99419
2218.24924	0.99385
2218.25112	0.99361
2218.25301	0.99348
2218.25489	0.99346
2218.25677	0.99354
2218.25866	0.9937
2218.26054	0.99391
2218.26242	0.99414
2218.26431	0.99437
2218.26619	0.99458
2218.26807	0.99478
2218.26995	0.99498
2218.27184	0.99517
2218.27372	0.9954
2218.2756	0.99566
2218.27749	0.99597
2218.27937	0.99633
2218.28125	0.99671
2218.28314	0.99709
2218.28502	0.99743
2218.2869	0.9977
2218.28879	0.99787
2218.29067	0.99789
2218.29255	0.99778
2218.29444	0.99752
2218.29632	0.99716
2218.2982	0.99673
2218.30009	0.99627
2218.30197	0.99585
2218.30385	0.9955
2218.30574	0.99524
2218.30762	0.99508
2218.3095	0.99497
2218.31139	0.99485
2218.31327	0.99463
2218.31515	0.99418
2218.31704	0.99336
2218.31892	0.99202
2218.3208	0.99004
2218.32269	0.98729
2218.32457	0.98369
2218.32645	0.97919
2218.32834	0.97379
2218.33022	0.96751
2218.3321	0.96046
2218.33399	0.95277
2218.33587	0.9446
2218.33775	0.93617
2218.33964	0.92769
2218.34152	0.91943
2218.3434	0.91163
2218.34529	0.90456
2218.34717	0.89844
2218.34905	0.89351
2218.35094	0.88995
2218.35282	0.88791
2218.3547	0.88747
2218.35659	0.88867
2218.35847	0.89147
2218.36035	0.89578
2218.36224	0.90142
2218.36412	0.90817
2218.366	0.91577
2218.36788	0.92393
2218.36977	0.93234
2218.37165	0.9407
2218.37353	0.94875
2218.37542	0.95625
2218.3773	0.96303
2218.37918	0.96897
2218.38107	0.97402
2218.38295	0.97817
2218.38483	0.98146
2218.38672	0.98399
2218.3886	0.98585
2218.39048	0.98715
2218.39237	0.98801
2218.39425	0.98853
2218.39613	0.98878
2218.39802	0.98884
2218.3999	0.98875
2218.40178	0.98854
2218.40367	0.98825
2218.40555	0.9879
2218.40743	0.98752
2218.40932	0.98715
2218.4112	0.98682
2218.41308	0.98656
2218.41497	0.98642
2218.41685	0.98642
2218.41873	0.98657
2218.42062	0.98689
2218.4225	0.98736
2218.42438	0.98795
2218.42627	0.98863
2218.42815	0.98936
2218.43003	0.99009
2218.43192	0.9908
2218.4338	0.99145
2218.43568	0.99203
2218.43757	0.99253
2218.43945	0.99297
2218.44133	0.99335
2218.44322	0.9937
2218.4451	0.99403
2218.44698	0.99435
2218.44887	0.99465
2218.45075	0.99492
2218.45263	0.99515
2218.45452	0.99531
2218.4564	0.99538
2218.45828	0.99533
2218.46017	0.99517
2218.46205	0.99487
2218.46393	0.99447
2218.46582	0.99398
2218.4677	0.99344
2218.46958	0.99288
2218.47146	0.99234
2218.47335	0.99184
2218.47523	0.99141
2218.47711	0.99104
2218.479	0.99074
2218.48088	0.99048
2218.48276	0.99025
2218.48465	0.99003
2218.48653	0.98981
2218.48841	0.98957
2218.4903	0.98934
2218.49218	0.98912
2218.49406	0.98894
2218.49595	0.98882
2218.49783	0.98879
2218.49971	0.98887
2218.5016	0.98905
2218.50348	0.98933
2218.50536	0.98968
2218.50725	0.99006
2218.50913	0.99041
2218.51101	0.9907
2218.5129	0.99088
2218.51478	0.99092
2218.51666	0.99081
2218.51855	0.99055
2218.52043	0.99018
2218.52231	0.98973
2218.5242	0.98924
2218.52608	0.98877
2218.52796	0.98835
2218.52985	0.98801
2218.53173	0.98776
2218.53361	0.98758
2218.5355	0.98744
2218.53738	0.98732
2218.53926	0.98718
2218.54115	0.98698
2218.54303	0.98672
2218.54491	0.98638
2218.5468	0.986
2218.54868	0.98561
2218.55056	0.98526
2218.55245	0.985
2218.55433	0.98488
2218.55621	0.98493
2218.5581	0.98516
2218.55998	0.98557
2218.56186	0.9861
2218.56375	0.9867
2218.56563	0.9873
2218.56751	0.98784
2218.56939	0.98826
2218.57128	0.98851
2218.57316	0.98858
2218.57504	0.9885
2218.57693	0.98829
2218.57881	0.988
2218.58069	0.98771
2218.58258	0.98747
2218.58446	0.98733
2218.58634	0.98731
2218.58823	0.9874
2218.59011	0.98758
2218.59199	0.98779
2218.59388	0.98797
2218.59576	0.98807
2218.59764	0.98803
2218.59953	0.98784
2218.60141	0.98749
2218.60329	0.98701
2218.60518	0.98645
2218.60706	0.98589
2218.60894	0.98539
2218.61083	0.98501
2218.61271	0.98478
2218.61459	0.98471
2218.61648	0.98478
2218.61836	0.98494
2218.62024	0.98512
2218.62213	0.98527
2218.62401	0.98533
2218.62589	0.9853
2218.62778	0.98518
2218.62966	0.98504
2218.63154	0.98493
2218.63343	0.98493
2218.63531	0.98508
2218.63719	0.98537
2218.63908	0.98569
2218.64096	0.98583
2218.64284	0.98544
2218.64473	0.9841
2218.64661	0.98125
2218.64849	0.97634
2218.65038	0.96881
2218.65226	0.95821
2218.65414	0.94424
2218.65603	0.92683
2218.65791	0.90619
2218.65979	0.88282
2218.66168	0.85753
2218.66356	0.83137
2218.66544	0.80561
2218.66732	0.78158
2218.66921	0.76063
2218.67109	0.74399
2218.67297	0.73268
2218.67486	0.72737
2218.67674	0.72838
2218.67862	0.73563
2218.68051	0.74865
2218.68239	0.7666
2218.68427	0.78839
2218.68616	0.81275
2218.68804	0.83833
2218.68992	0.86384
2218.69181	0.88812
2218.69369	0.91023
2218.69557	0.92952
2218.69746	0.94559
2218.69934	0.95835
2218.70122	0.96795
2218.70311	0.97474
2218.70499	0.97918
2218.70687	0.98179
2218.70876	0.98311
2218.71064	0.9836
2218.71252	0.98364
2218.71441	0.9835
2218.71629	0.98335
2218.71817	0.98324
2218.72006	0.98319
2218.72194	0.98315
2218.72382	0.98305
2218.72571	0.98285
2218.72759	0.98252
2218.72947	0.98206
2218.73136	0.98149
2218.73324	0.98088
2218.73512	0.98028
2218.73701	0.97976
2218.73889	0.97936
2218.74077	0.97911
2218.74266	0.97901
2218.74454	0.97904
2218.74642	0.97916
2218.74831	0.97932
2218.75019	0.97947
2218.75207	0.97959
2218.75396	0.97966
2218.75584	0.97968
2218.75772	0.97968
2218.75961	0.97967
2218.76149	0.9797
2218.76337	0.9798
2218.76525	0.98
2218.76714	0.98029
2218.76902	0.98067
2218.7709	0.9811
2218.77279	0.98155
2218.77467	0.98196
2218.77655	0.9823
2218.77844	0.98253
2218.78032	0.98263
2218.7822	0.9826
2218.78409	0.98246
2218.78597	0.98226
2218.78785	0.98202
2218.78974	0.98181
2218.79162	0.98165
2218.7935	0.9816
2218.79539	0.98167
2218.79727	0.98185
2218.79915	0.98214
2218.80104	0.9825
2218.80292	0.98291
2218.8048	0.98334
2218.80669	0.98373
2218.80857	0.98409
2218.81045	0.98439
2218.81234	0.98464
2218.81422	0.98484
2218.8161	0.98501
2218.81799	0.98517
2218.81987	0.98535
2218.82175	0.98554
2218.82364	0.98575
2218.82552	0.98599
2218.8274	0.98624
2218.82929	0.9865
2218.83117	0.98673
2218.83305	0.98694
2218.83494	0.98712
2218.83682	0.98727
2218.8387	0.98739
2218.84059	0.9875
2218.84247	0.9876
2218.84435	0.98773
2218.84624	0.98789
2218.84812	0.98808
2218.85	0.98832
2218.85189	0.98858
2218.85377	0.98886
2218.85565	0.98915
2218.85754	0.98942
2218.85942	0.98967
2218.8613	0.98988
2218.86319	0.99007
2218.86507	0.99023
2218.86695	0.99039
2218.86883	0.99056
2218.87072	0.99077
2218.8726	0.99102
2218.87448	0.99133
2218.87637	0.9917
2218.87825	0.99213
2218.88013	0.99259
2218.88202	0.99306
2218.8839	0.99351
2218.88578	0.99392
2218.88767	0.99427
2218.88955	0.99453
2218.89143	0.99471
2218.89332	0.9948
2218.8952	0.99481
2218.89708	0.99477
2218.89897	0.99469
2218.90085	0.9946
2218.90273	0.99451
2218.90462	0.99444
2218.9065	0.99439
2218.90838	0.99437
2218.91027	0.99437
2218.91215	0.99439
2218.91403	0.99441
2218.91592	0.99444
2218.9178	0.99446
2218.91968	0.99448
2218.92157	0.99451
2218.92345	0.99455
2218.92533	0.99461
2218.92722	0.9947
2218.9291	0.99483
2218.93098	0.995
2218.93287	0.9952
2218.93475	0.99543
2218.93663	0.99567
2218.93852	0.9959
2218.9404	0.99611
2218.94228	0.9963
2218.94417	0.99644
2218.94605	0.99653
2218.94793	0.99658
2218.94982	0.99659
2218.9517	0.99656
2218.95358	0.9965
2218.95547	0.99641
2218.95735	0.9963
2218.95923	0.99617
2218.96112	0.99601
2218.963	0.99583
2218.96488	0.99561
2218.96676	0.99536
2218.96865	0.99508
2218.97053	0.99478
2218.97241	0.99447
2218.9743	0.99418
2218.97618	0.99393
2218.97806	0.99374
2218.97995	0.99362
2218.98183	0.99359
2218.98371	0.99365
2218.9856	0.99378
2218.98748	0.99398
2218.98936	0.99421
2218.99125	0.99445
2218.99313	0.99466
2218.99501	0.99482
2218.9969	0.9949
2218.99878	0.99491
2219.00066	0.99483
2219.00255	0.9947
2219.00443	0.99453
2219.00631	0.99435
2219.0082	0.99419
2219.01008	0.9941
2219.01196	0.99408
2219.01385	0.99415
2219.01573	0.99431
2219.01761	0.99455
2219.0195	0.99486
2219.02138	0.9952
2219.02326	0.99556
2219.02515	0.99589
2219.02703	0.99619
2219.02891	0.99642
2219.0308	0.99659
2219.03268	0.99668
2219.03456	0.99671
2219.03645	0.99666
2219.03833	0.99654
2219.04021	0.99637
2219.0421	0.99612
2219.04398	0.99582
2219.04586	0.99546
2219.04775	0.99504
2219.04963	0.99457
2219.05151	0.99407
2219.0534	0.99356
2219.05528	0.99308
2219.05716	0.99264
2219.05905	0.99229
2219.06093	0.99204
2219.06281	0.9919
2219.06469	0.99185
2219.06658	0.99183
2219.06846	0.99179
2219.07034	0.99161
2219.07223	0.99117
2219.07411	0.99032
2219.07599	0.98893
2219.07788	0.98685
2219.07976	0.98397
2219.08164	0.98019
2219.08353	0.97549
2219.08541	0.96986
2219.08729	0.96338
2219.08918	0.95615
2219.09106	0.94836
2219.09294	0.94019
2219.09483	0.93188
2219.09671	0.92369
2219.09859	0.91587
2219.10048	0.90866
2219.10236	0.90229
2219.10424	0.89696
2219.10613	0.89285
2219.10801	0.89008
2219.10989	0.88873
2219.11178	0.88885
2219.11366	0.89043
2219.11554	0.89343
2219.11743	0.89775
2219.11931	0.90326
2219.12119	0.90977
2219.12308	0.91709
2219.12496	0.92498
2219.12684	0.93319
2219.12873	0.94148
2219.13061	0.94959
2219.13249	0.95732
2219.13438	0.96447
2219.13626	0.9709
2219.13814	0.9765
2219.14003	0.98122
2219.14191	0.98508
2219.14379	0.98811
2219.14568	0.99041
2219.14756	0.99206
2219.14944	0.99321
2219.15133	0.99395
2219.15321	0.99442
2219.15509	0.99469
2219.15698	0.99485
2219.15886	0.99494
2219.16074	0.99498
2219.16262	0.99499
2219.16451	0.99497
2219.16639	0.99491
2219.16827	0.9948
2219.17016	0.99464
2219.17204	0.99445
2219.17392	0.99424
2219.17581	0.99402
2219.17769	0.99382
2219.17957	0.99367
2219.18146	0.99357
2219.18334	0.99354
2219.18522	0.99358
2219.18711	0.99367
2219.18899	0.99381
2219.19087	0.99396
2219.19276	0.99412
2219.19464	0.99427
2219.19652	0.9944
2219.19841	0.9945
2219.20029	0.99459
2219.20217	0.99468
2219.20406	0.99478
2219.20594	0.99492
2219.20782	0.99511
2219.20971	0.99535
2219.21159	0.99564
2219.21347	0.99598
2219.21536	0.99634
2219.21724	0.99671
2219.21912	0.99705
2219.22101	0.99734
2219.22289	0.99756
2219.22477	0.99771
2219.22666	0.99777
2219.22854	0.99776
2219.23042	0.99769
2219.23231	0.99757
2219.23419	0.99742
2219.23607	0.99725
2219.23796	0.99708
2219.23984	0.99692
2219.24172	0.99676
2219.24361	0.99659
2219.24549	0.99642
2219.24737	0.99624
2219.24926	0.99603
2219.25114	0.9958
2219.25302	0.99556
2219.25491	0.9953
2219.25679	0.99504
2219.25867	0.99479
2219.26056	0.99456
2219.26244	0.99436
2219.26432	0.99418
2219.2662	0.99403
2219.26809	0.99389
2219.26997	0.99374
2219.27185	0.99356
2219.27374	0.99334
2219.27562	0.99308
2219.2775	0.99275
2219.27939	0.99238
2219.28127	0.99198
2219.28315	0.99158
2219.28504	0.9912
2219.28692	0.99087
2219.2888	0.99062
2219.29069	0.99048
2219.29257	0.99046
2219.29445	0.99055
2219.29634	0.99075
2219.29822	0.99105
2219.3001	0.99141
2219.30199	0.99182
2219.30387	0.99224
2219.30575	0.99266
2219.30764	0.99307
2219.30952	0.99346
2219.3114	0.99383
2219.31329	0.99418
2219.31517	0.99453
2219.31705	0.99487
2219.31894	0.99521
2219.32082	0.99554
2219.3227	0.99585
2219.32459	0.99613
2219.32647	0.99634
2219.32835	0.99649
2219.33024	0.99654
2219.33212	0.9965
2219.334	0.99638
2219.33589	0.99617
2219.33777	0.99591
2219.33965	0.99561
2219.34154	0.99531
2219.34342	0.99502
2219.3453	0.99475
2219.34719	0.99452
2219.34907	0.99432
2219.35095	0.99413
2219.35284	0.99392
2219.35472	0.99368
2219.3566	0.99339
2219.35849	0.99302
2219.36037	0.99258
2219.36225	0.99208
2219.36413	0.99154
2219.36602	0.99101
2219.3679	0.99053
2219.36978	0.99013
2219.37167	0.98986
2219.37355	0.98974
2219.37543	0.98978
2219.37732	0.98998
2219.3792	0.9903
2219.38108	0.99072
2219.38297	0.99118
2219.38485	0.99165
2219.38673	0.99207
2219.38862	0.99242
2219.3905	0.99268
2219.39238	0.99286
2219.39427	0.99295
2219.39615	0.993
2219.39803	0.99302
2219.39992	0.99305
2219.4018	0.99309
2219.40368	0.99316
2219.40557	0.99326
2219.40745	0.99337
2219.40933	0.99345
2219.41122	0.99349
2219.4131	0.99346
2219.41498	0.99334
2219.41687	0.99313
2219.41875	0.99283
2219.42063	0.99248
2219.42252	0.99212
2219.4244	0.99177
2219.42628	0.99149
2219.42817	0.99131
2219.43005	0.99123
2219.43193	0.99125
2219.43382	0.99136
2219.4357	0.99152
2219.43758	0.99167
2219.43947	0.99177
2219.44135	0.99177
2219.44323	0.99166
2219.44512	0.99141
2219.447	0.99106
2219.44888	0.99062
2219.45077	0.99015
2219.45265	0.98971
2219.45453	0.98935
2219.45642	0.98912
2219.4583	0.98903
2219.46018	0.98908
2219.46206	0.98926
2219.46395	0.98951
2219.46583	0.98979
2219.46771	0.99004
2219.4696	0.9902
2219.47148	0.99024
2219.47336	0.99016
2219.47525	0.98996
2219.47713	0.98969
2219.47901	0.98939
2219.4809	0.98911
2219.48278	0.9889
2219.48466	0.98878
2219.48655	0.98876
2219.48843	0.98881
2219.49031	0.98889
2219.4922	0.98895
2219.49408	0.98893
2219.49596	0.98879
2219.49785	0.98851
2219.49973	0.98812
2219.50161	0.98766
2219.5035	0.98722
2219.50538	0.98688
2219.50726	0.9867
2219.50915	0.98668
2219.51103	0.98677
2219.51291	0.9868
2219.5148	0.98647
2219.51668	0.9854
2219.51856	0.9831
2219.52045	0.97903
2219.52233	0.97265
2219.52421	0.96349
2219.5261	0.95122
2219.52798	0.93568
2219.52986	0.91699
2219.53175	0.89554
2219.53363	0.87201
2219.53551	0.84734
2219.5374	0.82266
2219.53928	0.79925
2219.54116	0.7784
2219.54305	0.76133
2219.54493	0.74909
2219.54681	0.74243
2219.5487	0.74176
2219.55058	0.74712
2219.55246	0.75816
2219.55435	0.77418
2219.55623	0.79418
2219.55811	0.81698
2219.55999	0.8413
2219.56188	0.86584
2219.56376	0.88946
2219.56564	0.91117
2219.56753	0.93026
2219.56941	0.9463
2219.57129	0.95914
2219.57318	0.96887
2219.57506	0.97581
2219.57694	0.98042
2219.57883	0.98321
2219.58071	0.98473
2219.58259	0.98547
2219.58448	0.98583
2219.58636	0.9861
2219.58824	0.98646
2219.59013	0.98696
2219.59201	0.9876
2219.59389	0.98829
2219.59578	0.98896
2219.59766	0.98951
2219.59954	0.98987
2219.60143	0.99002
2219.60331	0.98998
2219.60519	0.98978
2219.60708	0.9895
2219.60896	0.98922
2219.61084	0.98901
2219.61273	0.9889
2219.61461	0.98892
2219.61649	0.98907
2219.61838	0.98931
2219.62026	0.9896
2219.62214	0.98987
2219.62403	0.99009
2219.62591	0.99022
2219.62779	0.99024
2219.62968	0.99017
2219.63156	0.99004
2219.63344	0.98989
2219.63533	0.98977
2219.63721	0.98972
2219.63909	0.98978
2219.64098	0.98996
2219.64286	0.99024
2219.64474	0.99062
2219.64663	0.99104
2219.64851	0.99146
2219.65039	0.99185
2219.65228	0.99216
2219.65416	0.99238
2219.65604	0.9925
2219.65793	0.99254
2219.65981	0.99252
2219.66169	0.99248
2219.66357	0.99246
2219.66546	0.99248
2219.66734	0.99255
2219.66922	0.99267
2219.67111	0.99281
2219.67299	0.99295
2219.67487	0.99305
2219.67676	0.99305
2219.67864	0.99292
2219.68052	0.99265
2219.68241	0.99222
2219.68429	0.99166
2219.68617	0.99099
2219.68806	0.99028
2219.68994	0.98958
2219.69182	0.98895
2219.69371	0.98846
2219.69559	0.98814
2219.69747	0.98802
2219.69936	0.9881
2219.70124	0.98837
2219.70312	0.98878
2219.70501	0.98929
2219.70689	0.98986
2219.70877	0.99043
2219.71066	0.99097
2219.71254	0.99143
2219.71442	0.99181
2219.71631	0.99211
2219.71819	0.99232
2219.72007	0.99245
2219.72196	0.99253
2219.72384	0.99257
2219.72572	0.99258
2219.72761	0.99256
2219.72949	0.99252
2219.73137	0.99245
2219.73326	0.99234
2219.73514	0.9922
2219.73702	0.99204
2219.73891	0.99186
2219.74079	0.99169
2219.74267	0.99156
2219.74456	0.99148
2219.74644	0.9915
2219.74832	0.99163
2219.75021	0.99188
2219.75209	0.99225
2219.75397	0.99273
2219.75586	0.99328
2219.75774	0.99385
2219.75962	0.9944
2219.7615	0.99487
2219.76339	0.99521
2219.76527	0.99539
2219.76715	0.9954
2219.76904	0.99522
2219.77092	0.99488
2219.7728	0.99442
2219.77469	0.99389
2219.77657	0.99335
2219.77845	0.99285
2219.78034	0.99246
2219.78222	0.99221
2219.7841	0.99213
2219.78599	0.99221
2219.78787	0.99245
2219.78975	0.99283
2219.79164	0.99329
2219.79352	0.99381
2219.7954	0.99435
2219.79729	0.99486
2219.79917	0.99534
2219.80105	0.99577
2219.80294	0.99616
2219.80482	0.99652
2219.8067	0.99688
2219.80859	0.99724
2219.81047	0.99761
2219.81235	0.99798
2219.81424	0.99831
2219.81612	0.99855
2219.818	0.99862
2219.81989	0.99841
2219.82177	0.9978
2219.82365	0.99667
2219.82554	0.99489
2219.82742	0.99237
2219.8293	0.98901
2219.83119	0.98476
2219.83307	0.97961
2219.83495	0.97359
2219.83684	0.96679
2219.83872	0.95932
2219.8406	0.95135
2219.84249	0.94307
2219.84437	0.9347
2219.84625	0.92647
2219.84814	0.91862
2219.85002	0.91137
2219.8519	0.90493
2219.85379	0.89949
2219.85567	0.89519
2219.85755	0.89216
2219.85943	0.89048
2219.86132	0.89018
2219.8632	0.89128
2219.86508	0.89371
2219.86697	0.89742
2219.86885	0.90228
2219.87073	0.90815
2219.87262	0.91486
2219.8745	0.92221
2219.87638	0.93001
2219.87827	0.93803
2219.88015	0.94606
2219.88203	0.9539
2219.88392	0.96136
2219.8858	0.96827
2219.88768	0.97451
2219.88957	0.97999
2219.89145	0.98464
2219.89333	0.98846
2219.89522	0.99147
2219.8971	0.99374
2219.89898	0.99534
2219.90087	0.99638
2219.90275	0.99697
2219.90463	0.99722
2219.90652	0.99725
2219.9084	0.99714
2219.91028	0.99696
2219.91217	0.99676
2219.91405	0.99658
2219.91593	0.99643
2219.91782	0.9963
2219.9197	0.99619
2219.92158	0.99607
2219.92347	0.99595
2219.92535	0.9958
2219.92723	0.99563
2219.92912	0.99544
2219.931	0.99524
2219.93288	0.99505
2219.93477	0.99488
2219.93665	0.99475
2219.93853	0.99467
2219.94042	0.99464
2219.9423	0.99467
2219.94418	0.99474
2219.94607	0.99483
2219.94795	0.99492
2219.94983	0.99499
2219.95172	0.99503
2219.9536	0.99501
2219.95548	0.99493
2219.95736	0.99479
2219.95925	0.9946
2219.96113	0.99436
2219.96301	0.99411
2219.9649	0.99387
2219.96678	0.99365
2219.96866	0.99349
2219.97055	0.99341
2219.97243	0.99342
2219.97431	0.99353
2219.9762	0.99374
2219.97808	0.99405
2219.97996	0.99444
2219.98185	0.9949
2219.98373	0.99541
2219.98561	0.99595
2219.9875	0.99648
2219.98938	0.997
2219.99126	0.99747
2219.99315	0.99788
2219.99503	0.99822
2219.99691	0.99847
2219.9988	0.99864
2220.00068	0.99873
2220.00256	0.99875
2220.00445	0.99871
2220.00633	0.99865
2220.00821	0.99857
2220.0101	0.99851
2220.01198	0.99849
2220.01386	0.99851
2220.01575	0.9986
2220.01763	0.99875
2220.01951	0.99895
2220.0214	0.99918
2220.02328	0.99943
2220.02516	0.99966
2220.02705	0.99985
2220.02893	0.99997
2220.03081	1
2220.0327	0.99993
2220.03458	0.99976
2220.03646	0.9995
2220.03835	0.99916
2220.04023	0.99877
2220.04211	0.99836
2220.044	0.99795
2220.04588	0.99758
2220.04776	0.99727
2220.04965	0.99703
2220.05153	0.99686
2220.05341	0.99677
2220.05529	0.99674
2220.05718	0.99676
2220.05906	0.99681
2220.06094	0.99687
2220.06283	0.99692
2220.06471	0.99696
2220.06659	0.99698
2220.06848	0.99697
2220.07036	0.99695
2220.07224	0.9969
2220.07413	0.99684
2220.07601	0.99677
2220.07789	0.99669
2220.07978	0.9966
2220.08166	0.99649
2220.08354	0.99638
2220.08543	0.99624
2220.08731	0.99607
2220.08919	0.99588
2220.09108	0.99567
2220.09296	0.99545
2220.09484	0.99524
2220.09673	0.99504
2220.09861	0.99488
2220.10049	0.99478
2220.10238	0.99475
2220.10426	0.99479
2220.10614	0.99492
2220.10803	0.99512
2220.10991	0.9954
2220.11179	0.99573
2220.11368	0.9961
2220.11556	0.99648
2220.11744	0.99687
2220.11933	0.99722
2220.12121	0.99754
2220.12309	0.99781
2220.12498	0.99802
2220.12686	0.99817
2220.12874	0.99825
2220.13063	0.99827
2220.13251	0.99822
2220.13439	0.9981
2220.13628	0.99794
2220.13816	0.99772
2220.14004	0.99745
2220.14193	0.99716
2220.14381	0.99684
2220.14569	0.99652
2220.14758	0.99621
2220.14946	0.99594
2220.15134	0.99571
2220.15323	0.99554
2220.15511	0.99544
2220.15699	0.99541
2220.15887	0.99545
2220.16076	0.99554
2220.16264	0.99567
2220.16452	0.99582
2220.16641	0.99596
2220.16829	0.99608
2220.17017	0.99617
2220.17206	0.99622
2220.17394	0.99623
2220.17582	0.9962
2220.17771	0.99615
2220.17959	0.9961
2220.18147	0.99607
2220.18336	0.99606
2220.18524	0.99609
2220.18712	0.99617
2220.18901	0.99628
2220.19089	0.99642
2220.19277	0.99656
2220.19466	0.9967
2220.19654	0.99681
2220.19842	0.99687
2220.20031	0.99687
2220.20219	0.99681
2220.20407	0.99669
2220.20596	0.99653
2220.20784	0.99633
2220.20972	0.99612
2220.21161	0.9959
2220.21349	0.9957
2220.21537	0.99551
2220.21726	0.99533
2220.21914	0.99516
2220.22102	0.99498
2220.22291	0.99479
2220.22479	0.99456
2220.22667	0.99428
2220.22856	0.99396
2220.23044	0.9936
2220.23232	0.9932
2220.23421	0.99279
2220.23609	0.99238
2220.23797	0.992
2220.23986	0.99168
2220.24174	0.99142
2220.24362	0.99125
2220.24551	0.99117
2220.24739	0.99119
2220.24927	0.99129
2220.25116	0.99147
2220.25304	0.99173
2220.25492	0.99205
2220.2568	0.99243
2220.25869	0.99286
2220.26057	0.99334
2220.26245	0.99387
2220.26434	0.99444
2220.26622	0.99505
2220.2681	0.99567
2220.26999	0.99628
2220.27187	0.99685
2220.27375	0.99736
2220.27564	0.99777
2220.27752	0.99806
2220.2794	0.99821
2220.28129	0.9982
2220.28317	0.99805
2220.28505	0.99777
2220.28694	0.9974
2220.28882	0.99697
2220.2907	0.99652
2220.29259	0.99611
2220.29447	0.99575
2220.29635	0.99547
2220.29824	0.99527
2220.30012	0.99516
2220.302	0.9951
2220.30389	0.99507
2220.30577	0.99504
2220.30765	0.99497
2220.30954	0.99485
2220.31142	0.99465
2220.3133	0.99438
2220.31519	0.99406
2220.31707	0.99369
2220.31895	0.99332
2220.32084	0.99295
2220.32272	0.99262
2220.3246	0.99234
2220.32649	0.9921
2220.32837	0.9919
2220.33025	0.99172
2220.33214	0.99153
2220.33402	0.99134
2220.3359	0.99112
2220.33779	0.99088
2220.33967	0.99065
2220.34155	0.99046
2220.34344	0.99035
2220.34532	0.99035
2220.3472	0.9905
2220.34909	0.99081
2220.35097	0.99128
2220.35285	0.99188
2220.35473	0.99255
2220.35662	0.99323
2220.3585	0.99385
2220.36038	0.99435
2220.36227	0.99469
2220.36415	0.99485
2220.36603	0.99485
2220.36792	0.99474
2220.3698	0.99457
2220.37168	0.99442
2220.37357	0.99431
2220.37545	0.99423
2220.37733	0.99407
2220.37922	0.99366
2220.3811	0.9927
2220.38298	0.9908
2220.38487	0.98752
2220.38675	0.98237
2220.38863	0.97491
2220.39052	0.96474
2220.3924	0.95165
2220.39428	0.9356
2220.39617	0.9168
2220.39805	0.89573
2220.39993	0.87309
2220.40182	0.84984
2220.4037	0.82708
2220.40558	0.80601
2220.40747	0.78781
2220.40935	0.77355
2220.41123	0.76411
2220.41312	0.76006
2220.415	0.76166
2220.41688	0.7688
2220.41877	0.78102
2220.42065	0.79755
2220.42253	0.81738
2220.42442	0.83934
2220.4263	0.86223
2220.42818	0.88487
2220.43007	0.90626
2220.43195	0.92556
2220.43383	0.94223
2220.43572	0.95596
2220.4376	0.96674
2220.43948	0.97475
2220.44137	0.98035
2220.44325	0.984
2220.44513	0.98622
2220.44702	0.98749
2220.4489	0.98821
2220.45078	0.98871
2220.45266	0.98917
2220.45455	0.98971
2220.45643	0.99032
2220.45831	0.99093
2220.4602	0.99147
2220.46208	0.99184
2220.46396	0.99198
2220.46585	0.99185
2220.46773	0.99149
2220.46961	0.99094
2220.4715	0.99029
2220.47338	0.98964
2220.47526	0.98908
2220.47715	0.98868
2220.47903	0.98847
2220.48091	0.98846
2220.4828	0.98861
2220.48468	0.98888
2220.48656	0.9892
2220.48845	0.98951
2220.49033	0.98976
2220.49221	0.98992
2220.4941	0.99
2220.49598	0.99002
2220.49786	0.99003
2220.49975	0.99006
2220.50163	0.99016
2220.50351	0.99036
2220.5054	0.99068
2220.50728	0.99109
2220.50916	0.99157
2220.51105	0.99206
2220.51293	0.9925
2220.51481	0.99284
2220.5167	0.99304
2220.51858	0.99308
2220.52046	0.99297
2220.52235	0.99274
2220.52423	0.99245
2220.52611	0.99214
2220.528	0.99189
2220.52988	0.99173
2220.53176	0.99169
2220.53365	0.99178
2220.53553	0.99198
2220.53741	0.99224
2220.5393	0.9925
2220.54118	0.99272
2220.54306	0.99285
2220.54495	0.99287
2220.54683	0.99276
2220.54871	0.99256
2220.5506	0.9923
2220.55248	0.99203
2220.55436	0.99179
2220.55624	0.99162
2220.55813	0.99149
2220.56001	0.99138
2220.56189	0.99119
2220.56378	0.9908
2220.56566	0.99004
2220.56754	0.98874
2220.56943	0.98674
2220.57131	0.9839
2220.57319	0.98011
2220.57508	0.97536
2220.57696	0.96966
2220.57884	0.96313
2220.58073	0.95593
2220.58261	0.94826
2220.58449	0.94038
2220.58638	0.93253
2220.58826	0.92496
2220.59014	0.91788
2220.59203	0.91145
2220.59391	0.90583
2220.59579	0.90108
2220.59768	0.89726
2220.59956	0.8944
2220.60144	0.8925
2220.60333	0.89157
2220.60521	0.8916
2220.60709	0.89262
2220.60898	0.89461
2220.61086	0.89761
2220.61274	0.90158
2220.61463	0.9065
2220.61651	0.9123
2220.61839	0.91886
2220.62028	0.92602
2220.62216	0.93357
2220.62404	0.9413
2220.62593	0.94894
2220.62781	0.95626
2220.62969	0.96303
2220.63158	0.96907
2220.63346	0.97425
2220.63534	0.97851
2220.63723	0.98184
2220.63911	0.98433
2220.64099	0.98606
2220.64288	0.98718
2220.64476	0.98786
2220.64664	0.98825
2220.64853	0.98848
2220.65041	0.98867
2220.65229	0.98888
2220.65417	0.98916
2220.65606	0.98952
2220.65794	0.98994
2220.65982	0.99039
2220.66171	0.99085
2220.66359	0.99128
2220.66547	0.99167
2220.66736	0.99203
2220.66924	0.99235
2220.67112	0.99265
2220.67301	0.99294
2220.67489	0.99324
2220.67677	0.99354
2220.67866	0.99384
2220.68054	0.99411
2220.68242	0.99431
2220.68431	0.99443
2220.68619	0.99441
2220.68807	0.99425
2220.68996	0.99393
2220.69184	0.99347
2220.69372	0.9929
2220.69561	0.99227
2220.69749	0.99164
2220.69937	0.99106
2220.70126	0.9906
2220.70314	0.99029
2220.70502	0.99018
2220.70691	0.99025
2220.70879	0.9905
2220.71067	0.9909
2220.71256	0.99139
2220.71444	0.99193
2220.71632	0.99247
2220.71821	0.99297
2220.72009	0.99341
2220.72197	0.99378
2220.72386	0.99408
2220.72574	0.99433
2220.72762	0.99456
2220.72951	0.99478
2220.73139	0.99503
2220.73327	0.99529
2220.73516	0.99559
2220.73704	0.99589
2220.73892	0.99617
2220.74081	0.99641
2220.74269	0.99657
2220.74457	0.99664
2220.74646	0.99659
2220.74834	0.99643
2220.75022	0.99617
2220.7521	0.99583
2220.75399	0.99545
2220.75587	0.99506
2220.75775	0.99469
2220.75964	0.99438
2220.76152	0.99412
2220.7634	0.99393
2220.76529	0.9938
2220.76717	0.99369
2220.76905	0.9936
2220.77094	0.9935
2220.77282	0.99337
2220.7747	0.99321
2220.77659	0.99302
2220.77847	0.99282
2220.78035	0.99264
2220.78224	0.99249
2220.78412	0.99242
2220.786	0.99244
2220.78789	0.99257
2220.78977	0.9928
2220.79165	0.99312
2220.79354	0.9935
2220.79542	0.9939
2220.7973	0.99427
2220.79919	0.9946
2220.80107	0.99483
2220.80295	0.99497
2220.80484	0.995
2220.80672	0.99495
2220.8086	0.99484
2220.81049	0.9947
2220.81237	0.99458
2220.81425	0.99451
2220.81614	0.9945
2220.81802	0.99458
2220.8199	0.99474
2220.82179	0.99496
2220.82367	0.99522
2220.82555	0.99549
2220.82744	0.99573
2220.82932	0.99593
2220.8312	0.99606
2220.83309	0.99613
2220.83497	0.99613
2220.83685	0.9961
2220.83874	0.99605
2220.84062	0.99601
2220.8425	0.996
2220.84439	0.99603
2220.84627	0.9961
2220.84815	0.99621
2220.85003	0.99634
2220.85192	0.99645
2220.8538	0.99652
2220.85568	0.99654
2220.85757	0.99647
2220.85945	0.99633
2220.86133	0.99611
2220.86322	0.99585
2220.8651	0.99558
2220.86698	0.99533
2220.86887	0.99514
2220.87075	0.99504
2220.87263	0.99504
2220.87452	0.99515
2220.8764	0.99535
2220.87828	0.99563
2220.88017	0.99595
2220.88205	0.99627
2220.88393	0.99655
2220.88582	0.99678
2220.8877	0.99692
2220.88958	0.99698
2220.89147	0.99697
2220.89335	0.9969
2220.89523	0.99681
2220.89712	0.99671
2220.899	0.99664
2220.90088	0.9966
2220.90277	0.9966
2220.90465	0.99662
2220.90653	0.99665
2220.90842	0.99666
2220.9103	0.99664
2220.91218	0.99654
2220.91407	0.99638
2220.91595	0.99613
2220.91783	0.99583
2220.91972	0.99549
2220.9216	0.99515
2220.92348	0.99484
2220.92537	0.9946
2220.92725	0.99446
2220.92913	0.99442
2220.93102	0.99447
2220.9329	0.99461
2220.93478	0.99478
2220.93667	0.99497
2220.93855	0.99511
2220.94043	0.99518
2220.94232	0.99516
2220.9442	0.99503
2220.94608	0.99481
2220.94797	0.99452
2220.94985	0.9942
2220.95173	0.9939
2220.95361	0.99367
2220.9555	0.99355
2220.95738	0.99356
2220.95926	0.99372
2220.96115	0.994
2220.96303	0.99438
2220.96491	0.99483
2220.9668	0.99529
2220.96868	0.99571
2220.97056	0.99606
2220.97245	0.99629
2220.97433	0.99641
2220.97621	0.99641
2220.9781	0.99632
2220.97998	0.99616
2220.98186	0.99597
2220.98375	0.99578
2220.98563	0.99564
2220.98751	0.99555
2220.9894	0.99553
2220.99128	0.99557
2220.99316	0.99567
2220.99505	0.99579
2220.99693	0.99593
2220.99881	0.99607
2221.0007	0.99619
2221.00258	0.9963
2221.00446	0.9964
2221.00635	0.9965
2221.00823	0.99662
2221.01011	0.99676
2221.012	0.99695
2221.01388	0.99717
2221.01576	0.99742
2221.01765	0.99766
2221.01953	0.99789
2221.02141	0.99805
2221.0233	0.99813
2221.02518	0.99811
2221.02706	0.99798
2221.02895	0.99775
2221.03083	0.99743
2221.03271	0.99708
2221.0346	0.99672
2221.03648	0.9964
2221.03836	0.99617
2221.04025	0.99605
2221.04213	0.99605
2221.04401	0.99618
2221.0459	0.9964
2221.04778	0.99669
2221.04966	0.99701
2221.05154	0.9973
2221.05343	0.99753
2221.05531	0.99768
2221.05719	0.99772
2221.05908	0.99767
2221.06096	0.99754
2221.06284	0.99736
2221.06473	0.99717
2221.06661	0.99699
2221.06849	0.99686
2221.07038	0.99678
2221.07226	0.99675
2221.07414	0.99677
2221.07603	0.9968
2221.07791	0.99681
2221.07979	0.99678
2221.08168	0.99668
2221.08356	0.9965
2221.08544	0.99626
2221.08733	0.99596
2221.08921	0.99565
2221.09109	0.99537
2221.09298	0.99515
2221.09486	0.99503
2221.09674	0.99503
2221.09863	0.99516
2221.10051	0.9954
2221.10239	0.99571
2221.10428	0.99604
2221.10616	0.99635
2221.10804	0.99659
2221.10993	0.9967
2221.11181	0.99669
2221.11369	0.99653
2221.11558	0.99625
2221.11746	0.99588
2221.11934	0.99547
2221.12123	0.99507
2221.12311	0.99472
2221.12499	0.99446
2221.12688	0.9943
2221.12876	0.99423
2221.13064	0.99421
2221.13253	0.99422
2221.13441	0.99421
2221.13629	0.99412
2221.13818	0.99393
2221.14006	0.99363
2221.14194	0.99322
2221.14383	0.99273
2221.14571	0.99222
2221.14759	0.99174
2221.14947	0.99135
2221.15136	0.9911
2221.15324	0.99103
2221.15512	0.99115
2221.15701	0.99143
2221.15889	0.99185
2221.16077	0.99234
2221.16266	0.99284
2221.16454	0.99329
2221.16642	0.99364
2221.16831	0.99386
2221.17019	0.99395
2221.17207	0.99393
2221.17396	0.99385
2221.17584	0.99376
2221.17772	0.99372
2221.17961	0.99378
2221.18149	0.99397
2221.18337	0.99428
2221.18526	0.9947
2221.18714	0.99517
2221.18902	0.99562
2221.19091	0.99599
2221.19279	0.99621
2221.19467	0.99624
2221.19656	0.99606
2221.19844	0.99568
2221.20032	0.99516
2221.20221	0.99456
2221.20409	0.99397
2221.20597	0.99346
2221.20786	0.99309
2221.20974	0.99291
2221.21162	0.99292
2221.21351	0.99309
2221.21539	0.99336
2221.21727	0.99366
2221.21916	0.99391
2221.22104	0.99406
2221.22292	0.99408
2221.22481	0.99398
2221.22669	0.9938
2221.22857	0.99359
2221.23046	0.99343
2221.23234	0.99336
2221.23422	0.99337
2221.23611	0.99337
2221.23799	0.9932
2221.23987	0.99257
2221.24176	0.9911
2221.24364	0.98835
2221.24552	0.98386
2221.2474	0.97717
2221.24929	0.96794
2221.25117	0.95595
2221.25305	0.94118
2221.25494	0.92385
2221.25682	0.90442
2221.2587	0.88361
2221.26059	0.8623
2221.26247	0.84155
2221.26435	0.82247
2221.26624	0.80612
2221.26812	0.79348
2221.27	0.78529
2221.27189	0.78206
2221.27377	0.78395
2221.27565	0.79084
2221.27754	0.80226
2221.27942	0.81751
2221.2813	0.83567
2221.28319	0.85571
2221.28507	0.87658
2221.28695	0.89724
2221.28884	0.9168
2221.29072	0.93453
2221.2926	0.94989
2221.29449	0.96257
2221.29637	0.97243
2221.29825	0.97952
2221.30014	0.984
2221.30202	0.98615
2221.3039	0.98624
2221.30579	0.9846
2221.30767	0.9815
2221.30955	0.9772
2221.31144	0.97192
2221.31332	0.96584
2221.3152	0.95913
2221.31709	0.95193
2221.31897	0.94441
2221.32085	0.93672
2221.32274	0.92907
2221.32462	0.92162
2221.3265	0.91459
2221.32839	0.90814
2221.33027	0.90246
2221.33215	0.89768
2221.33404	0.8939
2221.33592	0.89118
2221.3378	0.88954
2221.33969	0.88898
2221.34157	0.88948
2221.34345	0.89099
2221.34534	0.89348
2221.34722	0.89689
2221.3491	0.90118
2221.35098	0.9063
2221.35287	0.91219
2221.35475	0.91877
2221.35663	0.92593
2221.35852	0.93352
2221.3604	0.94137
2221.36228	0.94927
2221.36417	0.95699
2221.36605	0.9643
2221.36793	0.97097
2221.36982	0.97684
2221.3717	0.98175
2221.37358	0.98563
2221.37547	0.98848
2221.37735	0.99038
2221.37923	0.99143
2221.38112	0.99183
2221.383	0.99176
2221.38488	0.99143
2221.38677	0.99101
2221.38865	0.99067
2221.39053	0.9905
2221.39242	0.99055
2221.3943	0.99082
2221.39618	0.99126
2221.39807	0.99182
2221.39995	0.99239
2221.40183	0.99292
2221.40372	0.99334
2221.4056	0.99361
2221.40748	0.99373
2221.40937	0.99372
2221.41125	0.99362
2221.41313	0.9935
2221.41502	0.9934
2221.4169	0.99336
2221.41878	0.99341
2221.42067	0.99356
2221.42255	0.99378
2221.42443	0.99403
2221.42632	0.99428
2221.4282	0.99446
2221.43008	0.99455
2221.43197	0.99453
2221.43385	0.99438
2221.43573	0.99414
2221.43762	0.99384
2221.4395	0.99352
2221.44138	0.99325
2221.44327	0.99306
2221.44515	0.99299
2221.44703	0.99305
2221.44891	0.99323
2221.4508	0.99351
2221.45268	0.99383
2221.45456	0.99415
2221.45645	0.99443
2221.45833	0.99461
2221.46021	0.99469
2221.4621	0.99464
2221.46398	0.9945
2221.46586	0.99429
2221.46775	0.99405
2221.46963	0.99384
2221.47151	0.99368
2221.4734	0.99362
2221.47528	0.99367
2221.47716	0.99381
2221.47905	0.99402
2221.48093	0.99427
2221.48281	0.99452
2221.4847	0.99471
2221.48658	0.99482
2221.48846	0.99483
2221.49035	0.99473
2221.49223	0.99454
2221.49411	0.99428
2221.496	0.99401
2221.49788	0.99375
2221.49976	0.99354
2221.50165	0.99342
2221.50353	0.9934
2221.50541	0.99347
2221.5073	0.99362
2221.50918	0.99381
2221.51106	0.99402
2221.51295	0.9942
2221.51483	0.99432
2221.51671	0.99438
2221.5186	0.99436
2221.52048	0.99429
2221.52236	0.99418
2221.52425	0.99407
2221.52613	0.99398
2221.52801	0.99396
2221.5299	0.99401
2221.53178	0.99416
2221.53366	0.99438
2221.53555	0.99466
2221.53743	0.99498
2221.53931	0.99529
2221.5412	0.99557
2221.54308	0.99579
2221.54496	0.99593
2221.54684	0.99598
2221.54873	0.99595
2221.55061	0.99586
2221.55249	0.99572
2221.55438	0.99557
2221.55626	0.99541
2221.55814	0.99526
2221.56003	0.99513
2221.56191	0.995
2221.56379	0.99486
2221.56568	0.99469
2221.56756	0.99447
2221.56944	0.99419
2221.57133	0.99383
2221.57321	0.9934
2221.57509	0.99293
2221.57698	0.99245
2221.57886	0.99199
2221.58074	0.9916
2221.58263	0.99131
2221.58451	0.99116
2221.58639	0.99116
2221.58828	0.99133
2221.59016	0.99165
2221.59204	0.99209
2221.59393	0.99262
2221.59581	0.9932
2221.59769	0.99378
2221.59958	0.99434
2221.60146	0.99485
2221.60334	0.99528
2221.60523	0.99565
2221.60711	0.99595
2221.60899	0.9962
2221.61088	0.99641
2221.61276	0.9966
2221.61464	0.99677
2221.61653	0.99693
2221.61841	0.99707
2221.62029	0.99718
2221.62218	0.99723
2221.62406	0.99722
2221.62594	0.99714
2221.62783	0.99696
2221.62971	0.99671
2221.63159	0.99639
2221.63348	0.99602
2221.63536	0.99564
2221.63724	0.99527
2221.63913	0.99494
2221.64101	0.99467
2221.64289	0.99447
2221.64477	0.99433
2221.64666	0.99426
2221.64854	0.99423
2221.65042	0.99422
2221.65231	0.9942
2221.65419	0.99414
2221.65607	0.99405
2221.65796	0.9939
2221.65984	0.99372
2221.66172	0.99351
2221.66361	0.99329
2221.66549	0.9931
2221.66737	0.99296
2221.66926	0.99288
2221.67114	0.99289
2221.67302	0.99297
2221.67491	0.99312
2221.67679	0.99333
2221.67867	0.99356
2221.68056	0.99379
2221.68244	0.99399
2221.68432	0.99415
2221.68621	0.99425
2221.68809	0.99428
2221.68997	0.99426
2221.69186	0.99418
2221.69374	0.99408
2221.69562	0.99396
2221.69751	0.99385
2221.69939	0.99376
2221.70127	0.99369
2221.70316	0.99364
2221.70504	0.99362
2221.70692	0.99361
2221.70881	0.99361
2221.71069	0.99361
2221.71257	0.9936
2221.71446	0.9936
2221.71634	0.9936
2221.71822	0.99362
2221.72011	0.99366
2221.72199	0.99374
2221.72387	0.99385
2221.72576	0.994
2221.72764	0.99418
2221.72952	0.99437
2221.73141	0.99455
2221.73329	0.9947
2221.73517	0.9948
2221.73706	0.99483
2221.73894	0.99476
2221.74082	0.99461
2221.74271	0.99437
2221.74459	0.99405
2221.74647	0.99369
2221.74835	0.9933
2221.75024	0.99291
2221.75212	0.99254
2221.754	0.99221
2221.75589	0.99194
2221.75777	0.99172
2221.75965	0.99155
2221.76154	0.99143
2221.76342	0.99133
2221.7653	0.99126
2221.76719	0.99119
2221.76907	0.99113
2221.77095	0.99107
2221.77284	0.99103
2221.77472	0.99101
2221.7766	0.99101
2221.77849	0.99106
2221.78037	0.99114
2221.78225	0.99126
2221.78414	0.9914
2221.78602	0.99154
2221.7879	0.99167
2221.78979	0.99175
2221.79167	0.99177
2221.79355	0.99171
2221.79544	0.99156
2221.79732	0.99131
2221.7992	0.99098
2221.80109	0.9906
2221.80297	0.99018
2221.80485	0.98976
2221.80674	0.98937
2221.80862	0.98904
2221.8105	0.98878
2221.81239	0.98861
2221.81427	0.98854
2221.81615	0.98854
2221.81804	0.98861
2221.81992	0.98874
2221.8218	0.9889
2221.82369	0.98908
2221.82557	0.98928
2221.82745	0.98948
2221.82934	0.9897
2221.83122	0.98993
2221.8331	0.99019
2221.83499	0.99049
2221.83687	0.99082
2221.83875	0.99119
2221.84064	0.99159
2221.84252	0.99201
2221.8444	0.99243
2221.84628	0.99284
2221.84817	0.99322
2221.85005	0.99355
2221.85193	0.99382
2221.85382	0.99403
2221.8557	0.99418
2221.85758	0.99428
2221.85947	0.99435
2221.86135	0.99441
2221.86323	0.99447
2221.86512	0.99454
2221.867	0.99463
2221.86888	0.99476
2221.87077	0.9949
2221.87265	0.99506
2221.87453	0.99521
2221.87642	0.99536
2221.8783	0.99549
2221.88018	0.99559
2221.88207	0.99566
2221.88395	0.99571
2221.88583	0.99574
2221.88772	0.99576
2221.8896	0.99577
2221.89148	0.9958
2221.89337	0.99585
2221.89525	0.9959
2221.89713	0.99597
2221.89902	0.99604
2221.9009	0.9961
2221.90278	0.99613
2221.90467	0.99612
2221.90655	0.99607
2221.90843	0.99597
2221.91032	0.99582
2221.9122	0.99563
2221.91408	0.99541
2221.91597	0.99517
2221.91785	0.99492
2221.91973	0.99468
2221.92162	0.99446
2221.9235	0.99426
2221.92538	0.99409
2221.92727	0.99394
2221.92915	0.99381
2221.93103	0.99371
2221.93292	0.99362
2221.9348	0.99356
2221.93668	0.99353
2221.93857	0.99354
2221.94045	0.99359
2221.94233	0.9937
2221.94421	0.99388
2221.9461	0.99412
2221.94798	0.99443
2221.94986	0.99478
2221.95175	0.99516
2221.95363	0.99556
2221.95551	0.99593
2221.9574	0.99627
2221.95928	0.99655
2221.96116	0.99676
2221.96305	0.99688
2221.96493	0.99694
2221.96681	0.99693
2221.9687	0.99687
2221.97058	0.99679
2221.97246	0.99671
2221.97435	0.99664
2221.97623	0.9966
2221.97811	0.99659
2221.98	0.99661
2221.98188	0.99665
2221.98376	0.9967
2221.98565	0.99676
2221.98753	0.99679
2221.98941	0.9968
2221.9913	0.99678
2221.99318	0.99672
2221.99506	0.99663
2221.99695	0.99652
2221.99883	0.99639
2222.00071	0.99626
2222.0026	0.99613
2222.00448	0.996
2222.00636	0.99588
2222.00825	0.99578
2222.01013	0.99569
2222.01201	0.99563
2222.0139	0.99558
2222.01578	0.99557
2222.01766	0.99557
2222.01955	0.99558
2222.02143	0.99559
2222.02331	0.99554
2222.0252	0.99537
2222.02708	0.99501
2222.02896	0.99435
2222.03085	0.99327
2222.03273	0.99164
2222.03461	0.98933
2222.0365	0.98625
2222.03838	0.98231
2222.04026	0.97748
2222.04214	0.9718
2222.04403	0.96536
2222.04591	0.95829
2222.04779	0.95081
2222.04968	0.94315
2222.05156	0.93557
2222.05344	0.92831
2222.05533	0.92162
2222.05721	0.91566
2222.05909	0.91056
2222.06098	0.9064
2222.06286	0.90317
2222.06474	0.90084
2222.06663	0.89932
2222.06851	0.89853
2222.07039	0.89841
2222.07228	0.89889
2222.07416	0.89999
2222.07604	0.90174
2222.07793	0.9042
2222.07981	0.90748
2222.08169	0.91164
2222.08358	0.91671
2222.08546	0.92264
2222.08734	0.92927
2222.08923	0.93633
2222.09111	0.94341
2222.09299	0.95001
2222.09488	0.95554
2222.09676	0.95939
2222.09864	0.96096
2222.10053	0.95977
2222.10241	0.95547
2222.10429	0.94795
2222.10618	0.9373
2222.10806	0.9239
2222.10994	0.90837
2222.11183	0.89152
2222.11371	0.87435
2222.11559	0.8579
2222.11748	0.84324
2222.11936	0.83131
2222.12124	0.8229
2222.12313	0.81857
2222.12501	0.81858
2222.12689	0.82291
2222.12878	0.83126
2222.13066	0.84308
2222.13254	0.85762
2222.13443	0.874
2222.13631	0.89133
2222.13819	0.90871
2222.14007	0.92536
2222.14196	0.94063
2222.14384	0.95406
2222.14572	0.96538
2222.14761	0.97449
2222.14949	0.98147
2222.15137	0.98654
2222.15326	0.98996
2222.15514	0.99208
2222.15702	0.99323
2222.15891	0.99371
2222.16079	0.9938
2222.16267	0.99367
2222.16456	0.99346
2222.16644	0.99325
2222.16832	0.99308
2222.17021	0.99292
2222.17209	0.99278
2222.17397	0.99263
2222.17586	0.99245
2222.17774	0.99225
2222.17962	0.99202
2222.18151	0.99178
2222.18339	0.99155
2222.18527	0.99134
2222.18716	0.99117
2222.18904	0.99104
2222.19092	0.99094
2222.19281	0.99087
2222.19469	0.99082
2222.19657	0.99077
2222.19846	0.99071
2222.20034	0.99066
2222.20222	0.9906
2222.20411	0.99055
2222.20599	0.99053
2222.20787	0.99055
2222.20976	0.99061
2222.21164	0.99073
2222.21352	0.99089
2222.21541	0.99108
2222.21729	0.99129
2222.21917	0.99148
2222.22106	0.99163
2222.22294	0.99173
2222.22482	0.99175
2222.22671	0.99171
2222.22859	0.99161
2222.23047	0.99148
2222.23236	0.99133
2222.23424	0.99121
2222.23612	0.99115
2222.23801	0.99117
2222.23989	0.99128
2222.24177	0.99148
2222.24365	0.99177
2222.24554	0.99212
2222.24742	0.9925
2222.2493	0.99287
2222.25119	0.9932
2222.25307	0.99347
2222.25495	0.99366
2222.25684	0.99376
2222.25872	0.99378
2222.2606	0.99373
2222.26249	0.99365
2222.26437	0.99354
2222.26625	0.99343
2222.26814	0.99334
2222.27002	0.99328
2222.2719	0.99324
2222.27379	0.99322
2222.27567	0.9932
2222.27755	0.99316
2222.27944	0.99308
2222.28132	0.99296
2222.2832	0.99279
2222.28509	0.99257
2222.28697	0.99231
2222.28885	0.99203
2222.29074	0.99174
2222.29262	0.99148
2222.2945	0.99127
2222.29639	0.99111
2222.29827	0.99101
2222.30015	0.99098
2222.30204	0.99101
2222.30392	0.99107
2222.3058	0.99116
2222.30769	0.99125
2222.30957	0.99133
2222.31145	0.99139
2222.31334	0.99141
2222.31522	0.99141
2222.3171	0.99137
2222.31899	0.99132
2222.32087	0.99125
2222.32275	0.99117
2222.32464	0.99109
2222.32652	0.99102
2222.3284	0.99094
2222.33029	0.99086
2222.33217	0.99079
2222.33405	0.9907
2222.33594	0.99062
2222.33782	0.99055
2222.3397	0.99049
2222.34158	0.99046
2222.34347	0.99047
2222.34535	0.99054
2222.34723	0.99068
2222.34912	0.9909
2222.351	0.99119
2222.35288	0.99155
2222.35477	0.99196
2222.35665	0.9924
2222.35853	0.99285
2222.36042	0.99327
2222.3623	0.99365
2222.36418	0.99397
2222.36607	0.99422
2222.36795	0.9944
2222.36983	0.99451
2222.37172	0.99457
2222.3736	0.99459
2222.37548	0.9946
2222.37737	0.99461
2222.37925	0.99463
2222.38113	0.99467
2222.38302	0.99473
2222.3849	0.9948
2222.38678	0.99488
2222.38867	0.99495
2222.39055	0.995
2222.39243	0.99503
2222.39432	0.99503
2222.3962	0.995
2222.39808	0.99495
2222.39997	0.9949
2222.40185	0.99485
2222.40373	0.99481
2222.40562	0.99481
2222.4075	0.99483
2222.40938	0.99488
2222.41127	0.99496
2222.41315	0.99504
2222.41503	0.99513
2222.41692	0.99519
2222.4188	0.99523
2222.42068	0.99524
2222.42257	0.9952
2222.42445	0.99513
2222.42633	0.99504
2222.42822	0.99494
2222.4301	0.99485
2222.43198	0.99478
2222.43387	0.99475
2222.43575	0.99476
2222.43763	0.9948
2222.43951	0.99488
2222.4414	0.99498
2222.44328	0.99508
2222.44516	0.99518
2222.44705	0.99524
2222.44893	0.99526
2222.45081	0.99523
2222.4527	0.99515
2222.45458	0.99504
2222.45646	0.99489
2222.45835	0.99473
2222.46023	0.99457
2222.46211	0.99442
2222.464	0.9943
2222.46588	0.99421
2222.46776	0.99415
2222.46965	0.99411
2222.47153	0.9941
2222.47341	0.9941
2222.4753	0.99411
2222.47718	0.99413
2222.47906	0.99417
2222.48095	0.99421
2222.48283	0.99428
2222.48471	0.99439
2222.4866	0.99454
2222.48848	0.99474
2222.49036	0.995
2222.49225	0.99531
2222.49413	0.99565
2222.49601	0.99603
2222.4979	0.99641
2222.49978	0.99678
2222.50166	0.99712
2222.50355	0.99742
2222.50543	0.99765
2222.50731	0.99781
2222.5092	0.99791
2222.51108	0.99794
2222.51296	0.99793
2222.51485	0.99787
2222.51673	0.99778
2222.51861	0.99767
2222.5205	0.99754
2222.52238	0.99739
2222.52426	0.99721
2222.52615	0.99701
2222.52803	0.99677
2222.52991	0.99649
2222.5318	0.99618
2222.53368	0.99583
2222.53556	0.99546
2222.53744	0.99508
2222.53933	0.99471
2222.54121	0.99436
2222.54309	0.99406
2222.54498	0.99382
2222.54686	0.99364
2222.54874	0.99354
2222.55063	0.99349
2222.55251	0.9935
2222.55439	0.99356
2222.55628	0.99364
2222.55816	0.99375
2222.56004	0.99386
2222.56193	0.99399
2222.56381	0.99414
2222.56569	0.99431
2222.56758	0.99451
2222.56946	0.99476
2222.57134	0.99505
2222.57323	0.9954
2222.57511	0.99579
2222.57699	0.99622
2222.57888	0.99664
2222.58076	0.99705
2222.58264	0.99741
2222.58453	0.99769
2222.58641	0.99787
2222.58829	0.99793
2222.59018	0.99788
2222.59206	0.99773
2222.59394	0.99748
2222.59583	0.99717
2222.59771	0.99684
2222.59959	0.9965
2222.60148	0.9962
2222.60336	0.99595
2222.60524	0.99577
2222.60713	0.99566
2222.60901	0.99562
2222.61089	0.99563
2222.61278	0.99569
2222.61466	0.99579
2222.61654	0.9959
2222.61843	0.99602
2222.62031	0.99615
2222.62219	0.9963
2222.62408	0.99646
2222.62596	0.99665
2222.62784	0.99686
2222.62973	0.9971
2222.63161	0.99736
2222.63349	0.99762
2222.63538	0.99786
2222.63726	0.99806
2222.63914	0.99819
2222.64102	0.99823
2222.64291	0.99817
2222.64479	0.998
2222.64667	0.99773
2222.64856	0.99738
2222.65044	0.99698
2222.65232	0.99657
2222.65421	0.99618
2222.65609	0.99585
2222.65797	0.99561
2222.65986	0.99547
2222.66174	0.99544
2222.66362	0.99552
2222.66551	0.99568
2222.66739	0.99589
2222.66927	0.99613
2222.67116	0.99638
2222.67304	0.9966
2222.67492	0.99679
2222.67681	0.99695
2222.67869	0.99708
2222.68057	0.99719
2222.68246	0.99729
2222.68434	0.9974
2222.68622	0.99752
2222.68811	0.99766
2222.68999	0.99779
2222.69187	0.9979
2222.69376	0.99797
2222.69564	0.99798
2222.69752	0.9979
2222.69941	0.99771
2222.70129	0.99744
2222.70317	0.99708
2222.70506	0.99666
2222.70694	0.99623
2222.70882	0.99583
2222.71071	0.99548
2222.71259	0.99524
2222.71447	0.99511
2222.71636	0.99509
2222.71824	0.99517
2222.72012	0.99532
2222.72201	0.99549
2222.72389	0.99565
2222.72577	0.99574
2222.72766	0.99574
2222.72954	0.99563
2222.73142	0.99545
2222.73331	0.9952
2222.73519	0.99494
2222.73707	0.99472
2222.73895	0.99459
2222.74084	0.99457
2222.74272	0.99467
2222.7446	0.99486
2222.74649	0.99504
2222.74837	0.99512
2222.75025	0.99493
2222.75214	0.99431
2222.75402	0.99311
2222.7559	0.99115
2222.75779	0.98833
2222.75967	0.98459
2222.76155	0.97992
2222.76344	0.97438
2222.76532	0.96812
2222.7672	0.9613
2222.76909	0.95415
2222.77097	0.94693
2222.77285	0.93986
2222.77474	0.93316
2222.77662	0.92702
2222.7785	0.92157
2222.78039	0.91687
2222.78227	0.91296
2222.78415	0.90981
2222.78604	0.90737
2222.78792	0.90559
2222.7898	0.9044
2222.79169	0.90377
2222.79357	0.90369
2222.79545	0.90417
2222.79734	0.90526
2222.79922	0.90703
2222.8011	0.90956
2222.80299	0.91291
2222.80487	0.9171
2222.80675	0.92214
2222.80864	0.92796
2222.81052	0.93445
2222.8124	0.94144
2222.81429	0.94872
2222.81617	0.95605
2222.81805	0.96318
2222.81994	0.96987
2222.82182	0.9759
2222.8237	0.98111
2222.82559	0.9854
2222.82747	0.98873
2222.82935	0.99111
2222.83124	0.99265
2222.83312	0.99345
2222.835	0.99368
2222.83688	0.99351
2222.83877	0.9931
2222.84065	0.99261
2222.84253	0.99214
2222.84442	0.99179
2222.8463	0.9916
2222.84818	0.99157
2222.85007	0.99171
2222.85195	0.99196
2222.85383	0.9923
2222.85572	0.99267
2222.8576	0.99303
2222.85948	0.99337
2222.86137	0.99367
2222.86325	0.99393
2222.86513	0.99416
2222.86702	0.99438
2222.8689	0.9946
2222.87078	0.99484
2222.87267	0.99509
2222.87455	0.99535
2222.87643	0.99561
2222.87832	0.99584
2222.8802	0.99601
2222.88208	0.99609
2222.88397	0.99606
2222.88585	0.9959
2222.88773	0.99563
2222.88962	0.99525
2222.8915	0.9948
2222.89338	0.99431
2222.89527	0.99383
2222.89715	0.9934
2222.89903	0.99307
2222.90092	0.99286
2222.9028	0.99279
2222.90468	0.99285
2222.90657	0.99302
2222.90845	0.99327
2222.91033	0.99355
2222.91222	0.99383
2222.9141	0.99407
2222.91598	0.99424
2222.91787	0.99435
2222.91975	0.99441
2222.92163	0.99445
2222.92352	0.99452
2222.9254	0.99465
2222.92728	0.99488
2222.92917	0.99522
2222.93105	0.99563
2222.93293	0.99604
2222.93481	0.99633
2222.9367	0.9963
2222.93858	0.99575
2222.94046	0.99442
2222.94235	0.99206
2222.94423	0.98845
2222.94611	0.9834
2222.948	0.97683
2222.94988	0.96875
2222.95176	0.95928
2222.95365	0.94869
2222.95553	0.93735
2222.95741	0.92574
2222.9593	0.91441
2222.96118	0.90396
2222.96306	0.89494
2222.96495	0.8879
2222.96683	0.88323
2222.96871	0.88121
2222.9706	0.88197
2222.97248	0.88545
2222.97436	0.89143
2222.97625	0.89952
2222.97813	0.90925
2222.98001	0.92005
2222.9819	0.93133
2222.98378	0.94251
2222.98566	0.95308
2222.98755	0.96264
2222.98943	0.97089
2222.99131	0.97767
2222.9932	0.98296
2222.99508	0.98683
2222.99696	0.98947
2222.99885	0.99111
2223.00073	0.99202
2223.00261	0.99244
2223.0045	0.99261
2223.00638	0.99271
2223.00826	0.99286
2223.01015	0.99313
2223.01203	0.99351
2223.01391	0.99399
2223.0158	0.9945
2223.01768	0.99497
2223.01956	0.99535
2223.02145	0.9956
2223.02333	0.99569
2223.02521	0.99562
2223.0271	0.99544
2223.02898	0.99516
2223.03086	0.99485
2223.03275	0.99455
2223.03463	0.9943
2223.03651	0.99411
2223.03839	0.99399
2223.04028	0.99394
2223.04216	0.99393
2223.04404	0.99395
2223.04593	0.99396
2223.04781	0.99394
2223.04969	0.99389
2223.05158	0.99381
2223.05346	0.99371
2223.05534	0.99361
2223.05723	0.99352
2223.05911	0.99348
2223.06099	0.99348
2223.06288	0.99354
2223.06476	0.99365
2223.06664	0.99378
2223.06853	0.99392
2223.07041	0.99404
2223.07229	0.99411
2223.07418	0.99411
2223.07606	0.99405
2223.07794	0.99392
2223.07983	0.99375
2223.08171	0.99356
2223.08359	0.99339
2223.08548	0.99327
2223.08736	0.99324
2223.08924	0.9933
2223.09113	0.99348
2223.09301	0.99374
2223.09489	0.99408
2223.09678	0.99445
2223.09866	0.99481
2223.10054	0.99512
2223.10243	0.99536
2223.10431	0.99548
2223.10619	0.99548
2223.10808	0.99538
2223.10996	0.99517
2223.11184	0.9949
2223.11373	0.9946
2223.11561	0.99431
2223.11749	0.99405
2223.11938	0.99386
2223.12126	0.99374
2223.12314	0.99369
2223.12503	0.99372
2223.12691	0.99379
2223.12879	0.99389
2223.13068	0.994
2223.13256	0.99411
2223.13444	0.9942
2223.13632	0.99428
2223.13821	0.99436
2223.14009	0.99446
2223.14197	0.99458
2223.14386	0.99474
2223.14574	0.99496
2223.14762	0.99523
2223.14951	0.99555
2223.15139	0.9959
2223.15327	0.99624
2223.15516	0.99655
2223.15704	0.99679
2223.15892	0.99695
2223.16081	0.997
2223.16269	0.99693
2223.16457	0.99674
2223.16646	0.99647
2223.16834	0.99614
2223.17022	0.99577
2223.17211	0.99542
2223.17399	0.9951
2223.17587	0.99485
2223.17776	0.99468
2223.17964	0.9946
2223.18152	0.99459
2223.18341	0.99464
2223.18529	0.99473
2223.18717	0.99483
2223.18906	0.99493
2223.19094	0.995
2223.19282	0.99503
2223.19471	0.99504
2223.19659	0.99502
2223.19847	0.99499
2223.20036	0.99497
2223.20224	0.99498
2223.20412	0.99503
2223.20601	0.99512
2223.20789	0.99527
2223.20977	0.99545
2223.21166	0.99566
2223.21354	0.99588
2223.21542	0.99609
2223.21731	0.99626
2223.21919	0.99639
2223.22107	0.99646
2223.22296	0.99647
2223.22484	0.99642
2223.22672	0.99632
2223.22861	0.99618
2223.23049	0.99602
2223.23237	0.99585
2223.23425	0.99568
2223.23614	0.99551
2223.23802	0.99535
2223.2399	0.9952
2223.24179	0.99506
2223.24367	0.99492
2223.24555	0.99479
2223.24744	0.99466
2223.24932	0.99454
2223.2512	0.99444
2223.25309	0.99438
2223.25497	0.99435
2223.25685	0.99437
2223.25874	0.99445
2223.26062	0.99457
2223.2625	0.99474
2223.26439	0.99493
2223.26627	0.99515
2223.26815	0.99536
2223.27004	0.99556
2223.27192	0.99572
2223.2738	0.99585
2223.27569	0.99595
2223.27757	0.99601
2223.27945	0.99605
2223.28134	0.99609
2223.28322	0.99614
2223.2851	0.99623
2223.28699	0.99635
2223.28887	0.99651
2223.29075	0.99671
2223.29264	0.99692
2223.29452	0.99715
2223.2964	0.99735
2223.29829	0.9975
2223.30017	0.99759
2223.30205	0.99759
2223.30394	0.99751
2223.30582	0.99733
2223.3077	0.99708
2223.30959	0.99677
2223.31147	0.99642
2223.31335	0.99605
2223.31524	0.99569
2223.31712	0.99535
2223.319	0.99504
2223.32089	0.99477
2223.32277	0.99453
2223.32465	0.99431
2223.32654	0.99411
2223.32842	0.99392
2223.3303	0.99374
2223.33218	0.99357
2223.33407	0.99342
2223.33595	0.9933
2223.33783	0.99324
2223.33972	0.99325
2223.3416	0.99334
2223.34348	0.99352
2223.34537	0.99379
2223.34725	0.99414
2223.34913	0.99454
2223.35102	0.99497
2223.3529	0.99538
2223.35478	0.99574
2223.35667	0.99602
2223.35855	0.9962
2223.36043	0.99627
2223.36232	0.99622
2223.3642	0.99607
2223.36608	0.99586
2223.36797	0.9956
2223.36985	0.99534
2223.37173	0.9951
2223.37362	0.99491
2223.3755	0.99477
2223.37738	0.99468
2223.37927	0.99464
2223.38115	0.99461
2223.38303	0.99456
2223.38492	0.99449
2223.3868	0.99435
2223.38868	0.99416
2223.39057	0.9939
2223.39245	0.99361
2223.39433	0.99329
2223.39622	0.993
2223.3981	0.99276
2223.39998	0.9926
2223.40187	0.99255
2223.40375	0.99262
2223.40563	0.99279
2223.40752	0.99305
2223.4094	0.99335
2223.41128	0.99367
2223.41317	0.99395
2223.41505	0.99417
2223.41693	0.9943
2223.41882	0.99433
2223.4207	0.99428
2223.42258	0.99416
2223.42447	0.994
2223.42635	0.99386
2223.42823	0.99377
2223.43012	0.99376
2223.432	0.99384
2223.43388	0.99402
2223.43576	0.99429
2223.43765	0.99461
2223.43953	0.99495
2223.44141	0.99528
2223.4433	0.99557
2223.44518	0.9958
2223.44706	0.99597
2223.44895	0.9961
2223.45083	0.99622
2223.45271	0.99635
2223.4546	0.99654
2223.45648	0.99679
2223.45836	0.9971
2223.46025	0.99743
2223.46213	0.99768
2223.46401	0.99775
2223.4659	0.99749
2223.46778	0.99675
2223.46966	0.99536
2223.47155	0.99318
2223.47343	0.99012
2223.47531	0.98613
2223.4772	0.98124
2223.47908	0.97553
2223.48096	0.96917
2223.48285	0.96236
2223.48473	0.95535
2223.48661	0.94842
2223.4885	0.9418
2223.49038	0.93573
2223.49226	0.93035
2223.49415	0.92578
2223.49603	0.92205
2223.49791	0.91913
2223.4998	0.91692
2223.50168	0.91533
2223.50356	0.91422
2223.50545	0.91349
2223.50733	0.91304
2223.50921	0.91286
2223.5111	0.91295
2223.51298	0.91338
2223.51486	0.91427
2223.51675	0.91574
2223.51863	0.91792
2223.52051	0.92093
2223.5224	0.92483
2223.52428	0.92963
2223.52616	0.93525
2223.52805	0.94156
2223.52993	0.94837
2223.53181	0.95542
2223.53369	0.96245
2223.53558	0.96918
2223.53746	0.97538
2223.53934	0.98084
2223.54123	0.98542
2223.54311	0.98907
2223.54499	0.99178
2223.54688	0.99363
2223.54876	0.99475
2223.55064	0.99528
2223.55253	0.99541
2223.55441	0.9953
2223.55629	0.99509
2223.55818	0.99488
2223.56006	0.99476
2223.56194	0.99474
2223.56383	0.99484
2223.56571	0.99501
2223.56759	0.99522
2223.56948	0.99541
2223.57136	0.99556
2223.57324	0.99562
2223.57513	0.9956
2223.57701	0.9955
2223.57889	0.99535
2223.58078	0.99518
2223.58266	0.99501
2223.58454	0.99489
2223.58643	0.99483
2223.58831	0.99483
2223.59019	0.9949
2223.59208	0.99502
2223.59396	0.99517
2223.59584	0.99531
2223.59773	0.99543
2223.59961	0.99552
2223.60149	0.99556
2223.60338	0.99557
2223.60526	0.99555
2223.60714	0.99554
2223.60903	0.99555
2223.61091	0.99562
2223.61279	0.99575
2223.61468	0.99595
2223.61656	0.99623
2223.61844	0.99658
2223.62033	0.99696
2223.62221	0.99737
2223.62409	0.99776
2223.62598	0.99811
2223.62786	0.99841
2223.62974	0.99863
2223.63162	0.99878
2223.63351	0.99885
2223.63539	0.99887
2223.63727	0.99883
2223.63916	0.99876
2223.64104	0.99866
2223.64292	0.99857
2223.64481	0.99847
2223.64669	0.99837
2223.64857	0.99828
2223.65046	0.99819
2223.65234	0.9981
2223.65422	0.99801
2223.65611	0.99792
2223.65799	0.99784
2223.65987	0.99777
2223.66176	0.99772
2223.66364	0.9977
2223.66552	0.99771
2223.66741	0.99777
2223.66929	0.99785
2223.67117	0.99797
2223.67306	0.99809
2223.67494	0.99822
2223.67682	0.99833
2223.67871	0.9984
2223.68059	0.99844
2223.68247	0.99842
2223.68436	0.99836
2223.68624	0.99825
2223.68812	0.99812
2223.69001	0.99797
2223.69189	0.99782
2223.69377	0.99769
2223.69566	0.99758
2223.69754	0.99752
2223.69942	0.99749
2223.70131	0.99749
2223.70319	0.99753
2223.70507	0.9976
2223.70696	0.99767
2223.70884	0.99775
2223.71072	0.99784
2223.71261	0.99792
2223.71449	0.99799
2223.71637	0.99806
2223.71826	0.99813
2223.72014	0.9982
2223.72202	0.99825
2223.72391	0.99829
2223.72579	0.99831
2223.72767	0.9983
2223.72955	0.99824
2223.73144	0.99812
2223.73332	0.99794
2223.7352	0.9977
2223.73709	0.99739
2223.73897	0.99704
2223.74085	0.99665
2223.74274	0.99626
2223.74462	0.99589
2223.7465	0.99557
2223.74839	0.9953
2223.75027	0.99512
2223.75215	0.99503
2223.75404	0.99503
2223.75592	0.99511
2223.7578	0.99525
2223.75969	0.99544
2223.76157	0.99565
2223.76345	0.99588
2223.76534	0.99609
2223.76722	0.99629
2223.7691	0.99646
2223.77099	0.99662
2223.77287	0.99677
2223.77475	0.99691
2223.77664	0.99705
2223.77852	0.9972
2223.7804	0.99737
2223.78229	0.99754
2223.78417	0.99773
2223.78605	0.99791
2223.78794	0.99807
2223.78982	0.99822
2223.7917	0.99833
2223.79359	0.99842
2223.79547	0.99849
2223.79735	0.99853
2223.79924	0.99857
2223.80112	0.99862
2223.803	0.99868
2223.80489	0.99877
2223.80677	0.99889
2223.80865	0.99904
2223.81054	0.99921
2223.81242	0.99938
2223.8143	0.99953
2223.81619	0.99965
2223.81807	0.9997
2223.81995	0.99968
2223.82184	0.99956
2223.82372	0.99935
2223.8256	0.99906
2223.82749	0.99868
2223.82937	0.99825
2223.83125	0.99777
2223.83313	0.99728
2223.83502	0.99679
2223.8369	0.99633
2223.83878	0.99589
2223.84067	0.9955
2223.84255	0.99516
2223.84443	0.99486
2223.84632	0.9946
2223.8482	0.99439
2223.85008	0.9942
2223.85197	0.99405
2223.85385	0.99393
2223.85573	0.99384
2223.85762	0.99378
2223.8595	0.99375
2223.86138	0.99377
2223.86327	0.99381
2223.86515	0.99389
2223.86703	0.99401
2223.86892	0.99414
2223.8708	0.9943
2223.87268	0.99447
2223.87457	0.99465
2223.87645	0.99483
2223.87833	0.99501
2223.88022	0.9952
2223.8821	0.9954
2223.88398	0.99559
2223.88587	0.99578
2223.88775	0.99596
2223.88963	0.99613
2223.89152	0.99628
2223.8934	0.99639
2223.89528	0.99645
2223.89717	0.99646
2223.89905	0.99642
2223.90093	0.99631
2223.90282	0.99616
2223.9047	0.99597
2223.90658	0.99578
2223.90847	0.9956
2223.91035	0.99546
2223.91223	0.99538
2223.91412	0.99539
2223.916	0.99548
2223.91788	0.99566
2223.91977	0.9959
2223.92165	0.9962
2223.92353	0.99651
2223.92542	0.9968
2223.9273	0.99704
2223.92918	0.99719
2223.93106	0.99723
2223.93295	0.99717
2223.93483	0.99698
2223.93671	0.9967
2223.9386	0.99635
2223.94048	0.99595
2223.94236	0.99554
2223.94425	0.99516
2223.94613	0.99483
2223.94801	0.99458
2223.9499	0.99441
2223.95178	0.99433
2223.95366	0.99432
2223.95555	0.99438
2223.95743	0.99449
2223.95931	0.99463
2223.9612	0.99477
2223.96308	0.99491
2223.96496	0.99503
2223.96685	0.99512
2223.96873	0.99517
2223.97061	0.99519
2223.9725	0.99516
2223.97438	0.99509
2223.97626	0.99496
2223.97815	0.99478
2223.98003	0.99453
2223.98191	0.99421
2223.9838	0.99384
2223.98568	0.99341
2223.98756	0.99294
2223.98945	0.99246
2223.99133	0.992
2223.99321	0.99158
2223.9951	0.99124
2223.99698	0.99101
2223.99886	0.9909
2224.00075	0.99092
2224.00263	0.99108
2224.00451	0.99135
2224.0064	0.99171
2224.00828	0.99212
2224.01016	0.99254
2224.01205	0.99292
2224.01393	0.99324
2224.01581	0.99347
2224.0177	0.99358
2224.01958	0.99358
2224.02146	0.99347
2224.02335	0.99327
2224.02523	0.993
2224.02711	0.99269
2224.02899	0.99236
2224.03088	0.99203
2224.03276	0.99171
2224.03464	0.99143
2224.03653	0.99117
2224.03841	0.99093
2224.04029	0.99071
2224.04218	0.99051
2224.04406	0.99032
2224.04594	0.99015
2224.04783	0.99
2224.04971	0.98989
2224.05159	0.98982
2224.05348	0.9898
2224.05536	0.98984
2224.05724	0.98994
2224.05913	0.99009
2224.06101	0.99028
2224.06289	0.99049
2224.06478	0.99071
2224.06666	0.99091
2224.06854	0.99108
2224.07043	0.99122
2224.07231	0.99132
2224.07419	0.99139
2224.07608	0.99147
2224.07796	0.99156
2224.07984	0.9917
2224.08173	0.9919
2224.08361	0.99219
2224.08549	0.99255
2224.08738	0.99299
2224.08926	0.99347
2224.09114	0.99398
2224.09303	0.99446
2224.09491	0.99489
2224.09679	0.99523
2224.09868	0.99545
2224.10056	0.99555
2224.10244	0.99553
2224.10433	0.9954
2224.10621	0.9952
2224.10809	0.99495
2224.10998	0.99469
2224.11186	0.99445
2224.11374	0.99426
2224.11563	0.99412
2224.11751	0.99404
2224.11939	0.99401
2224.12128	0.99401
2224.12316	0.99402
2224.12504	0.99403
2224.12692	0.99402
2224.12881	0.994
2224.13069	0.99397
2224.13257	0.99394
2224.13446	0.99393
2224.13634	0.99396
2224.13822	0.99404
2224.14011	0.99418
2224.14199	0.99437
2224.14387	0.9946
2224.14576	0.99483
2224.14764	0.99504
2224.14952	0.99519
2224.15141	0.99527
2224.15329	0.99526
2224.15517	0.99516
2224.15706	0.99501
2224.15894	0.99483
2224.16082	0.99467
2224.16271	0.99456
2224.16459	0.99452
2224.16647	0.99455
2224.16836	0.99461
2224.17024	0.99462
2224.17212	0.99447
2224.17401	0.99401
2224.17589	0.99307
2224.17777	0.99149
2224.17966	0.98913
2224.18154	0.98588
2224.18342	0.9817
2224.18531	0.97661
2224.18719	0.97071
2224.18907	0.96416
2224.19096	0.95721
2224.19284	0.95011
2224.19472	0.94314
2224.19661	0.93658
2224.19849	0.93065
2224.20037	0.92553
2224.20226	0.9213
2224.20414	0.91798
2224.20602	0.91552
2224.20791	0.91379
2224.20979	0.91265
2224.21167	0.91192
2224.21356	0.91146
2224.21544	0.91115
2224.21732	0.91095
2224.21921	0.91085
2224.22109	0.91095
2224.22297	0.91135
2224.22485	0.91224
2224.22674	0.91378
2224.22862	0.91612
2224.2305	0.91938
2224.23239	0.9236
2224.23427	0.92876
2224.23615	0.93474
2224.23804	0.94135
2224.23992	0.94836
2224.2418	0.95548
2224.24369	0.96244
2224.24557	0.96896
2224.24745	0.97481
2224.24934	0.97983
2224.25122	0.98394
2224.2531	0.9871
2224.25499	0.98938
2224.25687	0.99087
2224.25875	0.99173
2224.26064	0.99212
2224.26252	0.99219
2224.2644	0.9921
2224.26629	0.99195
2224.26817	0.99182
2224.27005	0.99176
2224.27194	0.99176
2224.27382	0.99183
2224.2757	0.99192
2224.27759	0.99201
2224.27947	0.99207
2224.28135	0.99209
2224.28324	0.99207
2224.28512	0.99203
2224.287	0.99198
2224.28889	0.99194
2224.29077	0.99196
2224.29265	0.99202
2224.29454	0.99215
2224.29642	0.99233
2224.2983	0.99255
2224.30019	0.99277
2224.30207	0.99298
2224.30395	0.99314
2224.30584	0.99326
2224.30772	0.99332
2224.3096	0.99334
2224.31149	0.99334
2224.31337	0.99335
2224.31525	0.99342
2224.31714	0.99356
2224.31902	0.9938
2224.3209	0.99416
2224.32279	0.99461
2224.32467	0.99515
2224.32655	0.99574
2224.32843	0.99633
2224.33032	0.99689
2224.3322	0.99737
2224.33408	0.99774
2224.33597	0.99799
2224.33785	0.99811
2224.33973	0.99812
2224.34162	0.99804
2224.3435	0.9979
2224.34538	0.99775
2224.34727	0.99762
2224.34915	0.99752
2224.35103	0.99748
2224.35292	0.99749
2224.3548	0.99755
2224.35668	0.99764
2224.35857	0.99772
2224.36045	0.99778
2224.36233	0.99779
2224.36422	0.99774
2224.3661	0.99761
2224.36798	0.99742
2224.36987	0.99718
2224.37175	0.9969
2224.37363	0.99662
2224.37552	0.99635
2224.3774	0.99612
2224.37928	0.99595
2224.38117	0.99583
2224.38305	0.99578
2224.38493	0.99579
2224.38682	0.99586
2224.3887	0.99596
2224.39058	0.9961
2224.39247	0.99627
2224.39435	0.99646
2224.39623	0.99667
2224.39812	0.9969
2224.4	0.99714
2224.40188	0.99741
2224.40377	0.99769
2224.40565	0.99798
2224.40753	0.99826
2224.40942	0.99852
2224.4113	0.99875
2224.41318	0.99892
2224.41507	0.99904
2224.41695	0.9991
2224.41883	0.99909
2224.42072	0.99903
2224.4226	0.99894
2224.42448	0.99883
2224.42636	0.99874
2224.42825	0.99868
2224.43013	0.99868
2224.43201	0.99873
2224.4339	0.99885
2224.43578	0.99901
2224.43766	0.99921
2224.43955	0.99941
2224.44143	0.99959
2224.44331	0.99972
2224.4452	0.99978
2224.44708	0.99976
2224.44896	0.99965
2224.45085	0.99945
2224.45273	0.99919
2224.45461	0.99888
2224.4565	0.99854
2224.45838	0.9982
2224.46026	0.99788
2224.46215	0.99758
2224.46403	0.99732
2224.46591	0.99708
2224.4678	0.99686
2224.46968	0.99663
2224.47156	0.99639
2224.47345	0.99611
2224.47533	0.9958
2224.47721	0.99546
2224.4791	0.99509
2224.48098	0.99471
2224.48286	0.99434
2224.48475	0.99402
2224.48663	0.99377
2224.48851	0.9936
2224.4904	0.99353
2224.49228	0.99356
2224.49416	0.99368
2224.49605	0.99387
2224.49793	0.99411
2224.49981	0.99438
2224.5017	0.99464
2224.50358	0.99489
2224.50546	0.9951
2224.50735	0.99528
2224.50923	0.99542
2224.51111	0.99555
2224.513	0.99568
2224.51488	0.99582
2224.51676	0.99599
2224.51865	0.99619
2224.52053	0.99643
2224.52241	0.99669
2224.52429	0.99696
2224.52618	0.99721
2224.52806	0.99742
2224.52994	0.99757
2224.53183	0.99765
2224.53371	0.99763
2224.53559	0.99754
2224.53748	0.99737
2224.53936	0.99716
2224.54124	0.99692
2224.54313	0.99668
2224.54501	0.99647
2224.54689	0.9963
2224.54878	0.99617
2224.55066	0.99609
2224.55254	0.99603
2224.55443	0.99597
2224.55631	0.99589
2224.55819	0.99578
2224.56008	0.99561
2224.56196	0.99537
2224.56384	0.99508
2224.56573	0.99473
2224.56761	0.99437
2224.56949	0.994
2224.57138	0.99366
2224.57326	0.99336
2224.57514	0.99312
2224.57703	0.99293
2224.57891	0.99278
2224.58079	0.99267
2224.58268	0.99256
2224.58456	0.99244
2224.58644	0.9923
2224.58833	0.99214
2224.59021	0.99198
2224.59209	0.99185
2224.59398	0.99178
2224.59586	0.99181
2224.59774	0.99194
2224.59963	0.99218
2224.60151	0.99248
2224.60339	0.99273
2224.60528	0.9928
2224.60716	0.99247
2224.60904	0.99153
2224.61093	0.98971
2224.61281	0.98677
2224.61469	0.98252
2224.61658	0.9768
2224.61846	0.96958
2224.62034	0.96093
2224.62222	0.95106
2224.62411	0.94031
2224.62599	0.92911
2224.62787	0.91801
2224.62976	0.90759
2224.63164	0.89844
2224.63352	0.89112
2224.63541	0.88607
2224.63729	0.88363
2224.63917	0.88395
2224.64106	0.88701
2224.64294	0.89264
2224.64482	0.90047
2224.64671	0.91004
2224.64859	0.92077
2224.65047	0.93208
2224.65236	0.94338
2224.65424	0.95413
2224.65612	0.96392
2224.65801	0.97244
2224.65989	0.9795
2224.66177	0.98508
2224.66366	0.98925
2224.66554	0.99215
2224.66742	0.99403
2224.66931	0.99513
2224.67119	0.99569
2224.67307	0.99592
2224.67496	0.99599
2224.67684	0.99602
2224.67872	0.99606
2224.68061	0.99613
2224.68249	0.99619
2224.68437	0.99621
2224.68626	0.99616
2224.68814	0.996
2224.69002	0.99573
2224.69191	0.99537
2224.69379	0.99493
2224.69567	0.99448
2224.69756	0.99406
2224.69944	0.99371
2224.70132	0.99347
2224.70321	0.99334
2224.70509	0.9933
2224.70697	0.99332
2224.70886	0.99336
2224.71074	0.99336
2224.71262	0.99327
2224.71451	0.99306
2224.71639	0.99272
2224.71827	0.99225
2224.72016	0.99169
2224.72204	0.99108
2224.72392	0.99049
2224.7258	0.98996
2224.72769	0.98956
2224.72957	0.98931
2224.73145	0.98924
2224.73334	0.98932
2224.73522	0.98953
2224.7371	0.98982
2224.73899	0.99013
2224.74087	0.99043
2224.74275	0.99065
2224.74464	0.99078
2224.74652	0.99079
2224.7484	0.99071
2224.75029	0.99056
2224.75217	0.99037
2224.75405	0.99019
2224.75594	0.99005
2224.75782	0.98998
2224.7597	0.99
2224.76159	0.99011
2224.76347	0.9903
2224.76535	0.99054
2224.76724	0.9908
2224.76912	0.99106
2224.771	0.9913
2224.77289	0.99151
2224.77477	0.99169
2224.77665	0.99185
2224.77854	0.99202
2224.78042	0.99222
2224.7823	0.99247
2224.78419	0.99276
2224.78607	0.9931
2224.78795	0.99347
2224.78984	0.99384
2224.79172	0.99416
2224.7936	0.9944
2224.79549	0.99452
2224.79737	0.9945
2224.79925	0.99433
2224.80114	0.99404
2224.80302	0.99365
2224.8049	0.99323
2224.80679	0.99283
2224.80867	0.99251
2224.81055	0.99232
2224.81244	0.99231
2224.81432	0.99247
2224.8162	0.99279
2224.81809	0.99324
2224.81997	0.99376
2224.82185	0.99429
2224.82373	0.99476
2224.82562	0.99512
2224.8275	0.99534
2224.82938	0.9954
2224.83127	0.99533
2224.83315	0.99516
2224.83503	0.99494
2224.83692	0.99473
2224.8388	0.99458
2224.84068	0.99453
2224.84257	0.99459
2224.84445	0.99475
2224.84633	0.99498
2224.84822	0.99524
2224.8501	0.99546
2224.85198	0.9956
2224.85387	0.9956
2224.85575	0.99547
2224.85763	0.9952
2224.85952	0.99483
2224.8614	0.99443
2224.86328	0.99405
2224.86517	0.99376
2224.86705	0.99359
2224.86893	0.99354
2224.87082	0.99357
2224.8727	0.99358
2224.87458	0.99343
2224.87647	0.99293
2224.87835	0.99191
2224.88023	0.99017
2224.88212	0.98757
2224.884	0.98401
2224.88588	0.97948
2224.88777	0.97404
2224.88965	0.96784
2224.89153	0.96111
2224.89342	0.95414
2224.8953	0.94723
2224.89718	0.94068
2224.89907	0.93477
2224.90095	0.92971
2224.90283	0.92561
2224.90472	0.92252
2224.9066	0.92038
2224.90848	0.91904
2224.91037	0.91833
2224.91225	0.91803
2224.91413	0.91793
2224.91602	0.91787
2224.9179	0.91773
2224.91978	0.91749
2224.92166	0.91718
2224.92355	0.91695
2224.92543	0.91695
2224.92731	0.91741
2224.9292	0.91854
2224.93108	0.92051
2224.93296	0.92346
2224.93485	0.92743
2224.93673	0.9324
2224.93861	0.93822
2224.9405	0.94472
2224.94238	0.95162
2224.94426	0.95864
2224.94615	0.96549
2224.94803	0.9719
2224.94991	0.97764
2224.9518	0.98255
2224.95368	0.98655
2224.95556	0.98961
2224.95745	0.9918
2224.95933	0.99323
2224.96121	0.99403
2224.9631	0.99436
2224.96498	0.99439
2224.96686	0.99425
2224.96875	0.99406
2224.97063	0.9939
2224.97251	0.99381
2224.9744	0.9938
2224.97628	0.99387
2224.97816	0.99399
2224.98005	0.99413
2224.98193	0.99425
2224.98381	0.99434
2224.9857	0.99436
2224.98758	0.99434
2224.98946	0.99425
2224.99135	0.99413
2224.99323	0.99398
2224.99511	0.99381
2224.997	0.99364
2224.99888	0.99347
2225.00076	0.99329
2225.00265	0.99309
2225.00453	0.99288
2225.00641	0.99262
2225.0083	0.99233
2225.01018	0.992
2225.01206	0.99162
2225.01395	0.99121
2225.01583	0.99078
2225.01771	0.99035
2225.01959	0.98993
2225.02148	0.98955
2225.02336	0.98921
2225.02524	0.98894
2225.02713	0.98874
2225.02901	0.98861
2225.03089	0.98856
2225.03278	0.98859
2225.03466	0.98868
2225.03654	0.98885
2225.03843	0.98907
2225.04031	0.98934
2225.04219	0.98965
2225.04408	0.98998
2225.04596	0.99033
2225.04784	0.99068
2225.04973	0.991
2225.05161	0.99127
2225.05349	0.99149
2225.05538	0.99163
2225.05726	0.99168
2225.05914	0.99163
2225.06103	0.99149
2225.06291	0.99127
2225.06479	0.99097
2225.06668	0.99063
2225.06856	0.99027
2225.07044	0.98993
2225.07233	0.98964
2225.07421	0.98943
2225.07609	0.98933
2225.07798	0.98936
2225.07986	0.98952
2225.08174	0.98982
2225.08363	0.99026
2225.08551	0.99081
2225.08739	0.99146
2225.08928	0.99217
2225.09116	0.99292
2225.09304	0.99366
2225.09493	0.99438
2225.09681	0.99505
2225.09869	0.99564
2225.10058	0.99614
2225.10246	0.99653
2225.10434	0.99681
2225.10623	0.99699
2225.10811	0.99707
2225.10999	0.99706
2225.11188	0.99698
2225.11376	0.99683
2225.11564	0.99663
2225.11753	0.99639
2225.11941	0.99612
2225.12129	0.99584
2225.12317	0.99556
2225.12506	0.99527
2225.12694	0.99498
2225.12882	0.99471
2225.13071	0.99445
2225.13259	0.99422
2225.13447	0.99401
2225.13636	0.99384
2225.13824	0.99372
2225.14012	0.99364
2225.14201	0.99362
2225.14389	0.99365
2225.14577	0.99374
2225.14766	0.99386
2225.14954	0.99402
2225.15142	0.99419
2225.15331	0.99437
2225.15519	0.99452
2225.15707	0.99464
2225.15896	0.99472
2225.16084	0.99474
2225.16272	0.99471
2225.16461	0.99462
2225.16649	0.99449
2225.16837	0.99432
2225.17026	0.99414
2225.17214	0.99396
2225.17402	0.99379
2225.17591	0.99365
2225.17779	0.99355
2225.17967	0.99348
2225.18156	0.99345
2225.18344	0.99345
2225.18532	0.99348
2225.18721	0.99353
2225.18909	0.99359
2225.19097	0.99365
2225.19286	0.99371
2225.19474	0.99378
2225.19662	0.99386
2225.19851	0.99393
2225.20039	0.99402
2225.20227	0.99411
2225.20416	0.9942
2225.20604	0.99429
2225.20792	0.99436
2225.20981	0.99441
2225.21169	0.99442
2225.21357	0.99439
2225.21546	0.99432
2225.21734	0.9942
2225.21922	0.99406
2225.2211	0.99389
2225.22299	0.99372
2225.22487	0.99358
2225.22675	0.99347
2225.22864	0.99342
2225.23052	0.99343
2225.2324	0.9935
2225.23429	0.99362
2225.23617	0.99378
2225.23805	0.99396
2225.23994	0.99412
2225.24182	0.99426
2225.2437	0.99434
2225.24559	0.99436
2225.24747	0.99433
2225.24935	0.99424
2225.25124	0.99413
2225.25312	0.994
2225.255	0.9939
2225.25689	0.99385
2225.25877	0.99387
2225.26065	0.99396
2225.26254	0.99414
2225.26442	0.99438
2225.2663	0.99467
2225.26819	0.99499
2225.27007	0.99531
2225.27195	0.99561
2225.27384	0.99586
2225.27572	0.99605
2225.2776	0.9962
2225.27949	0.99629
2225.28137	0.99636
2225.28325	0.99641
2225.28514	0.99648
2225.28702	0.99657
2225.2889	0.99669
2225.29079	0.99685
2225.29267	0.99703
2225.29455	0.99722
2225.29644	0.99741
2225.29832	0.99757
2225.3002	0.99768
2225.30209	0.99774
2225.30397	0.99775
2225.30585	0.99772
2225.30774	0.99765
2225.30962	0.99759
2225.3115	0.99754
2225.31339	0.99754
2225.31527	0.99758
2225.31715	0.99768
2225.31903	0.99783
2225.32092	0.99801
2225.3228	0.9982
2225.32468	0.99836
2225.32657	0.99847
2225.32845	0.9985
2225.33033	0.99845
2225.33222	0.99831
2225.3341	0.9981
2225.33598	0.99784
2225.33787	0.99757
2225.33975	0.9973
2225.34163	0.99708
2225.34352	0.99692
2225.3454	0.99683
2225.34728	0.99681
2225.34917	0.99684
2225.35105	0.99689
2225.35293	0.99695
2225.35482	0.99698
2225.3567	0.99698
2225.35858	0.99692
2225.36047	0.99683
2225.36235	0.99672
2225.36423	0.99662
2225.36612	0.99655
2225.368	0.99654
2225.36988	0.99661
2225.37177	0.99677
2225.37365	0.99699
2225.37553	0.99726
2225.37742	0.99752
2225.3793	0.99773
2225.38118	0.99786
2225.38307	0.99785
2225.38495	0.99771
2225.38683	0.99743
2225.38872	0.99705
2225.3906	0.99661
2225.39248	0.99618
2225.39437	0.99582
2225.39625	0.99558
2225.39813	0.99551
2225.40002	0.99562
2225.4019	0.99588
2225.40378	0.99627
2225.40567	0.99673
2225.40755	0.99717
2225.40943	0.99755
2225.41132	0.99782
2225.4132	0.99794
2225.41508	0.99794
2225.41696	0.99785
2225.41885	0.99773
2225.42073	0.99763
2225.42261	0.9976
2225.4245	0.99763
2225.42638	0.99765
2225.42826	0.99752
2225.43015	0.997
2225.43203	0.99578
2225.43391	0.99349
2225.4358	0.98974
2225.43768	0.98417
2225.43956	0.97648
2225.44145	0.96647
2225.44333	0.95414
2225.44521	0.93966
2225.4471	0.92341
2225.44898	0.90597
2225.45086	0.88808
2225.45275	0.87062
2225.45463	0.85452
2225.45651	0.84068
2225.4584	0.82992
2225.46028	0.82289
2225.46216	0.82002
2225.46405	0.82149
2225.46593	0.82718
2225.46781	0.83673
2225.4697	0.84954
2225.47158	0.86484
2225.47346	0.88174
2225.47535	0.89932
2225.47723	0.9167
2225.47911	0.93312
2225.481	0.94794
2225.48288	0.96074
2225.48476	0.97129
2225.48665	0.97952
2225.48853	0.98558
2225.49041	0.98971
2225.4923	0.99225
2225.49418	0.99357
2225.49606	0.99406
2225.49795	0.99405
2225.49983	0.99381
2225.50171	0.99356
2225.5036	0.99341
2225.50548	0.99342
2225.50736	0.99359
2225.50925	0.99388
2225.51113	0.99423
2225.51301	0.99457
2225.5149	0.99486
2225.51678	0.99506
2225.51866	0.99516
2225.52054	0.99517
2225.52243	0.9951
2225.52431	0.99499
2225.52619	0.99487
2225.52808	0.99477
2225.52996	0.99471
2225.53184	0.99469
2225.53373	0.99472
2225.53561	0.99477
2225.53749	0.99484
2225.53938	0.9949
2225.54126	0.99495
2225.54314	0.99498
2225.54503	0.99498
2225.54691	0.99497
2225.54879	0.99497
2225.55068	0.995
2225.55256	0.99509
2225.55444	0.99526
2225.55633	0.99552
2225.55821	0.99588
2225.56009	0.99631
2225.56198	0.99676
2225.56386	0.99717
2225.56574	0.99742
2225.56763	0.99741
2225.56951	0.997
2225.57139	0.99604
2225.57328	0.99443
2225.57516	0.99203
2225.57704	0.98879
2225.57893	0.98469
2225.58081	0.97976
2225.58269	0.9741
2225.58458	0.96789
2225.58646	0.96133
2225.58834	0.95468
2225.59023	0.94822
2225.59211	0.94221
2225.59399	0.9369
2225.59588	0.93247
2225.59776	0.92903
2225.59964	0.92661
2225.60153	0.92514
2225.60341	0.92451
2225.60529	0.9245
2225.60718	0.92489
2225.60906	0.92545
2225.61094	0.92595
2225.61283	0.92624
2225.61471	0.92625
2225.61659	0.92596
2225.61847	0.92547
2225.62036	0.92496
2225.62224	0.92464
2225.62412	0.92478
2225.62601	0.92561
2225.62789	0.92735
2225.62977	0.93013
2225.63166	0.93399
2225.63354	0.93889
2225.63542	0.94466
2225.63731	0.95108
2225.63919	0.95785
2225.64107	0.96463
2225.64296	0.97111
2225.64484	0.97701
2225.64672	0.9821
2225.64861	0.98625
2225.65049	0.98941
2225.65237	0.99161
2225.65426	0.99297
2225.65614	0.99364
2225.65802	0.99383
2225.65991	0.99371
2225.66179	0.99346
2225.66367	0.99322
2225.66556	0.99307
2225.66744	0.99304
2225.66932	0.99313
2225.67121	0.99331
2225.67309	0.99351
2225.67497	0.99369
2225.67686	0.9938
2225.67874	0.99382
2225.68062	0.99375
2225.68251	0.99362
2225.68439	0.99347
2225.68627	0.99335
2225.68816	0.99329
2225.69004	0.99333
2225.69192	0.99348
2225.69381	0.99373
2225.69569	0.99404
2225.69757	0.99436
2225.69946	0.99464
2225.70134	0.99481
2225.70322	0.99485
2225.70511	0.99473
2225.70699	0.99445
2225.70887	0.99404
2225.71076	0.99356
2225.71264	0.99305
2225.71452	0.99258
2225.7164	0.99219
2225.71829	0.99194
2225.72017	0.99182
2225.72205	0.99182
2225.72394	0.99192
2225.72582	0.99206
2225.7277	0.99219
2225.72959	0.99225
2225.73147	0.99221
2225.73335	0.99204
2225.73524	0.99175
2225.73712	0.99136
2225.739	0.99091
2225.74089	0.99045
2225.74277	0.99006
2225.74465	0.98977
2225.74654	0.98962
2225.74842	0.98964
2225.7503	0.98981
2225.75219	0.99012
2225.75407	0.99052
2225.75595	0.99098
2225.75784	0.99143
2225.75972	0.99186
2225.7616	0.99223
2225.76349	0.99254
2225.76537	0.99281
2225.76725	0.99306
2225.76914	0.99333
2225.77102	0.99365
2225.7729	0.99405
2225.77479	0.99454
2225.77667	0.99512
2225.77855	0.99577
2225.78044	0.99643
2225.78232	0.99707
2225.7842	0.99762
2225.78609	0.99803
2225.78797	0.99828
2225.78985	0.99833
2225.79174	0.99819
2225.79362	0.99788
2225.7955	0.99745
2225.79739	0.99693
2225.79927	0.99639
2225.80115	0.99588
2225.80304	0.99544
2225.80492	0.99508
2225.8068	0.99482
2225.80869	0.99465
2225.81057	0.99455
2225.81245	0.99447
2225.81433	0.99441
2225.81622	0.99432
2225.8181	0.99419
2225.81998	0.99402
2225.82187	0.99382
2225.82375	0.99361
2225.82563	0.99341
2225.82752	0.99326
2225.8294	0.99317
2225.83128	0.99317
2225.83317	0.99324
2225.83505	0.99338
2225.83693	0.99357
2225.83882	0.99377
2225.8407	0.99395
2225.84258	0.99407
2225.84447	0.99413
2225.84635	0.99409
2225.84823	0.99397
2225.85012	0.99377
2225.852	0.99352
2225.85388	0.99324
2225.85577	0.99296
2225.85765	0.99271
2225.85953	0.9925
2225.86142	0.99233
2225.8633	0.99221
2225.86518	0.99213
2225.86707	0.99207
2225.86895	0.99201
2225.87083	0.99195
2225.87272	0.99189
2225.8746	0.99182
2225.87648	0.99177
2225.87837	0.99175
2225.88025	0.99177
2225.88213	0.99187
2225.88402	0.99204
2225.8859	0.9923
2225.88778	0.99262
2225.88967	0.99299
2225.89155	0.99337
2225.89343	0.99373
2225.89532	0.99403
2225.8972	0.99424
2225.89908	0.99434
2225.90097	0.99432
2225.90285	0.9942
2225.90473	0.99399
2225.90662	0.99373
2225.9085	0.99347
2225.91038	0.99322
2225.91227	0.99304
2225.91415	0.99294
2225.91603	0.99292
2225.91791	0.99298
2225.9198	0.99309
2225.92168	0.99322
2225.92356	0.99334
2225.92545	0.99341
2225.92733	0.99342
2225.92921	0.99336
2225.9311	0.99324
2225.93298	0.99306
2225.93486	0.99288
2225.93675	0.99271
2225.93863	0.9926
2225.94051	0.99259
2225.9424	0.99268
2225.94428	0.9929
2225.94616	0.99322
2225.94805	0.99363
2225.94993	0.9941
2225.95181	0.99458
2225.9537	0.99505
2225.95558	0.99547
2225.95746	0.99582
2225.95935	0.99609
2225.96123	0.99629
2225.96311	0.99642
2225.965	0.99651
2225.96688	0.99657
2225.96876	0.99663
2225.97065	0.99669
2225.97253	0.99676
2225.97441	0.99683
2225.9763	0.9969
2225.97818	0.99695
2225.98006	0.99696
2225.98195	0.99693
2225.98383	0.99687
2225.98571	0.99677
2225.9876	0.99666
2225.98948	0.99658
2225.99136	0.99653
2225.99325	0.99656
2225.99513	0.99669
2225.99701	0.99691
2225.9989	0.99723
2226.00078	0.99762
2226.00266	0.99805
2226.00455	0.99848
2226.00643	0.99887
2226.00831	0.99916
2226.0102	0.99934
2226.01208	0.99937
2226.01396	0.99927
2226.01584	0.99905
2226.01773	0.99872
2226.01961	0.99835
2226.02149	0.99796
2226.02338	0.9976
2226.02526	0.9973
2226.02714	0.99708
2226.02903	0.99694
2226.03091	0.99689
2226.03279	0.99689
2226.03468	0.99693
2226.03656	0.99698
2226.03844	0.99703
2226.04033	0.99706
2226.04221	0.99706
2226.04409	0.99706
2226.04598	0.99707
2226.04786	0.99711
2226.04974	0.99721
2226.05163	0.99737
2226.05351	0.99761
2226.05539	0.99791
2226.05728	0.99825
2226.05916	0.9986
2226.06104	0.9989
2226.06293	0.99913
2226.06481	0.99923
2226.06669	0.99918
2226.06858	0.99898
2226.07046	0.99861
2226.07234	0.99811
2226.07423	0.99752
2226.07611	0.99687
2226.07799	0.99623
2226.07988	0.99563
2226.08176	0.99512
2226.08364	0.99473
2226.08553	0.99447
2226.08741	0.99433
2226.08929	0.99431
2226.09118	0.99438
2226.09306	0.99454
2226.09494	0.99475
2226.09683	0.995
2226.09871	0.9953
2226.10059	0.99563
2226.10248	0.996
2226.10436	0.99641
2226.10624	0.99686
2226.10813	0.99735
2226.11001	0.99785
2226.11189	0.99833
2226.11377	0.99876
2226.11566	0.99911
2226.11754	0.99933
2226.11942	0.99939
2226.12131	0.99929
2226.12319	0.99902
2226.12507	0.9986
2226.12696	0.99807
2226.12884	0.99747
2226.13072	0.99688
2226.13261	0.99632
2226.13449	0.99587
2226.13637	0.99554
2226.13826	0.99535
2226.14014	0.9953
2226.14202	0.99536
2226.14391	0.9955
2226.14579	0.99568
2226.14767	0.99585
2226.14956	0.99598
2226.15144	0.99607
2226.15332	0.9961
2226.15521	0.99609
2226.15709	0.99607
2226.15897	0.99608
2226.16086	0.99613
2226.16274	0.99625
2226.16462	0.99645
2226.16651	0.99671
2226.16839	0.997
2226.17027	0.99729
2226.17216	0.99751
2226.17404	0.99762
2226.17592	0.99758
2226.17781	0.99738
2226.17969	0.997
2226.18157	0.99649
2226.18346	0.99589
2226.18534	0.99526
2226.18722	0.99468
2226.18911	0.99421
2226.19099	0.9939
2226.19287	0.99377
2226.19476	0.99384
2226.19664	0.99408
2226.19852	0.99444
2226.20041	0.99486
2226.20229	0.99528
2226.20417	0.99564
2226.20606	0.99591
2226.20794	0.99605
2226.20982	0.99609
2226.2117	0.99605
2226.21359	0.99595
2226.21547	0.99586
2226.21735	0.9958
2226.21924	0.9958
2226.22112	0.99587
2226.223	0.99598
2226.22489	0.9961
2226.22677	0.99619
2226.22865	0.99622
2226.23054	0.99615
2226.23242	0.996
2226.2343	0.99577
2226.23619	0.99552
2226.23807	0.9953
2226.23995	0.99516
2226.24184	0.99509
2226.24372	0.99503
2226.2456	0.99484
2226.24749	0.99425
2226.24937	0.99292
2226.25125	0.99037
2226.25314	0.9861
2226.25502	0.97959
2226.2569	0.97033
2226.25879	0.95797
2226.26067	0.94231
2226.26255	0.92339
2226.26444	0.90154
2226.26632	0.87735
2226.2682	0.8517
2226.27009	0.82568
2226.27197	0.80056
2226.27385	0.77762
2226.27574	0.75812
2226.27762	0.74315
2226.2795	0.73352
2226.28139	0.72973
2226.28327	0.73187
2226.28515	0.73963
2226.28704	0.75234
2226.28892	0.769
2226.2908	0.78842
2226.29269	0.80927
2226.29457	0.83026
2226.29645	0.8502
2226.29834	0.86812
2226.30022	0.88334
2226.3021	0.89552
2226.30399	0.90462
2226.30587	0.91089
2226.30775	0.91484
2226.30964	0.91711
2226.31152	0.91842
2226.3134	0.91945
2226.31528	0.92082
2226.31717	0.92298
2226.31905	0.92619
2226.32093	0.93054
2226.32282	0.93594
2226.3247	0.94215
2226.32658	0.94884
2226.32847	0.95567
2226.33035	0.96226
2226.33223	0.96832
2226.33412	0.97363
2226.336	0.97805
2226.33788	0.98157
2226.33977	0.98423
2226.34165	0.98615
2226.34353	0.98748
2226.34542	0.98838
2226.3473	0.989
2226.34918	0.98947
2226.35107	0.98984
2226.35295	0.99018
2226.35483	0.99048
2226.35672	0.99072
2226.3586	0.99089
2226.36048	0.99097
2226.36237	0.99094
2226.36425	0.99082
2226.36613	0.99062
2226.36802	0.99039
2226.3699	0.99016
2226.37178	0.98998
2226.37367	0.98987
2226.37555	0.98985
2226.37743	0.98991
2226.37932	0.99002
2226.3812	0.99017
2226.38308	0.9903
2226.38497	0.99038
2226.38685	0.99038
2226.38873	0.99029
2226.39062	0.99012
2226.3925	0.98989
2226.39438	0.98964
2226.39627	0.98939
2226.39815	0.9892
2226.40003	0.9891
2226.40192	0.9891
2226.4038	0.98921
2226.40568	0.98942
2226.40757	0.9897
2226.40945	0.99002
2226.41133	0.99034
2226.41321	0.99062
2226.4151	0.99086
2226.41698	0.99105
2226.41886	0.99119
2226.42075	0.99131
2226.42263	0.99143
2226.42451	0.99159
2226.4264	0.99182
2226.42828	0.99212
2226.43016	0.9925
2226.43205	0.99293
2226.43393	0.99339
2226.43581	0.99383
2226.4377	0.9942
2226.43958	0.99445
2226.44146	0.99456
2226.44335	0.99451
2226.44523	0.9943
2226.44711	0.99394
2226.449	0.9935
2226.45088	0.99301
2226.45276	0.99255
2226.45465	0.99217
2226.45653	0.99192
2226.45841	0.99183
2226.4603	0.99191
2226.46218	0.99215
2226.46406	0.99252
2226.46595	0.99297
2226.46783	0.99346
2226.46971	0.99393
2226.4716	0.99433
2226.47348	0.99464
2226.47536	0.99484
2226.47725	0.99493
2226.47913	0.99492
2226.48101	0.99484
2226.4829	0.99472
2226.48478	0.99459
2226.48666	0.99447
2226.48855	0.99439
2226.49043	0.99435
2226.49231	0.99436
2226.4942	0.99439
2226.49608	0.99444
2226.49796	0.9945
2226.49985	0.99454
2226.50173	0.99457
2226.50361	0.99459
2226.5055	0.99461
2226.50738	0.99463
2226.50926	0.99468
2226.51114	0.99476
2226.51303	0.99489
2226.51491	0.99506
2226.51679	0.99528
2226.51868	0.99552
2226.52056	0.99576
2226.52244	0.99598
2226.52433	0.99615
2226.52621	0.99625
2226.52809	0.99628
2226.52998	0.99623
2226.53186	0.9961
2226.53374	0.99593
2226.53563	0.99572
2226.53751	0.99551
2226.53939	0.99533
2226.54128	0.99519
2226.54316	0.99512
2226.54504	0.99511
2226.54693	0.99516
2226.54881	0.99526
2226.55069	0.9954
2226.55258	0.99555
2226.55446	0.9957
2226.55634	0.99583
2226.55823	0.99594
2226.56011	0.99603
2226.56199	0.9961
2226.56388	0.99616
2226.56576	0.99621
2226.56764	0.99626
2226.56953	0.9963
2226.57141	0.99634
2226.57329	0.99634
2226.57518	0.9963
2226.57706	0.99618
2226.57894	0.99598
2226.58083	0.99567
2226.58271	0.99525
2226.58459	0.99473
2226.58648	0.99412
2226.58836	0.99347
2226.59024	0.99279
2226.59213	0.99215
2226.59401	0.99158
2226.59589	0.99113
2226.59778	0.99081
2226.59966	0.99064
2226.60154	0.99062
2226.60343	0.99073
2226.60531	0.99094
2226.60719	0.99123
2226.60907	0.99154
2226.61096	0.99184
2226.61284	0.99211
2226.61472	0.99233
2226.61661	0.99248
2226.61849	0.99258
2226.62037	0.99263
2226.62226	0.99266
2226.62414	0.99269
2226.62602	0.99274
2226.62791	0.99282
2226.62979	0.99293
2226.63167	0.99308
2226.63356	0.99325
2226.63544	0.99342
2226.63732	0.99358
2226.63921	0.99371
2226.64109	0.9938
2226.64297	0.99385
2226.64486	0.99385
2226.64674	0.99382
2226.64862	0.99377
2226.65051	0.99373
2226.65239	0.9937
2226.65427	0.99371
2226.65616	0.99375
2226.65804	0.99384
2226.65992	0.99395
2226.66181	0.99407
2226.66369	0.9942
2226.66557	0.99431
2226.66746	0.99438
2226.66934	0.99442
2226.67122	0.99443
2226.67311	0.99441
2226.67499	0.99438
2226.67687	0.99437
2226.67876	0.99438
2226.68064	0.99445
2226.68252	0.99456
2226.68441	0.99473
2226.68629	0.99495
2226.68817	0.99518
2226.69006	0.9954
2226.69194	0.99558
2226.69382	0.99569
2226.69571	0.9957
2226.69759	0.99561
2226.69947	0.9954
2226.70136	0.9951
2226.70324	0.99474
2226.70512	0.99433
2226.707	0.99394
2226.70889	0.99358
2226.71077	0.9933
2226.71265	0.99312
2226.71454	0.99305
2226.71642	0.99308
2226.7183	0.9932
2226.72019	0.99337
2226.72207	0.99357
2226.72395	0.99377
2226.72584	0.99393
2226.72772	0.99404
2226.7296	0.99408
2226.73149	0.99407
2226.73337	0.994
2226.73525	0.9939
2226.73714	0.9938
2226.73902	0.99371
2226.7409	0.99365
2226.74279	0.99363
2226.74467	0.99364
2226.74655	0.99369
2226.74844	0.99375
2226.75032	0.99382
2226.7522	0.99387
2226.75409	0.99389
2226.75597	0.99387
2226.75785	0.99382
2226.75974	0.99374
2226.76162	0.99364
2226.7635	0.99355
2226.76539	0.99347
2226.76727	0.99343
2226.76915	0.99344
2226.77104	0.99348
2226.77292	0.99357
2226.7748	0.99367
2226.77669	0.99379
2226.77857	0.9939
2226.78045	0.99398
2226.78234	0.99404
2226.78422	0.99406
2226.7861	0.99407
2226.78799	0.99407
2226.78987	0.99409
2226.79175	0.99415
2226.79364	0.99427
2226.79552	0.99446
2226.7974	0.99472
2226.79929	0.99504
2226.80117	0.9954
2226.80305	0.99577
2226.80494	0.99611
2226.80682	0.9964
2226.8087	0.99659
2226.81058	0.99668
2226.81247	0.99664
2226.81435	0.99649
2226.81623	0.99625
2226.81812	0.99594
2226.82	0.99559
2226.82188	0.99525
2226.82377	0.99494
2226.82565	0.99469
2226.82753	0.9945
2226.82942	0.99438
2226.8313	0.99431
2226.83318	0.99427
2226.83507	0.99423
2226.83695	0.99419
2226.83883	0.99412
2226.84072	0.99401
2226.8426	0.99387
2226.84448	0.99372
2226.84637	0.99357
2226.84825	0.99345
2226.85013	0.99339
2226.85202	0.9934
2226.8539	0.99349
2226.85578	0.99366
2226.85767	0.9939
2226.85955	0.99418
2226.86143	0.99447
2226.86332	0.99475
2226.8652	0.99498
2226.86708	0.99516
2226.86897	0.99528
2226.87085	0.99534
2226.87273	0.99536
2226.87462	0.99537
2226.8765	0.9954
2226.87838	0.99546
2226.88027	0.99558
2226.88215	0.99577
2226.88403	0.99602
2226.88592	0.99631
2226.8878	0.9966
2226.88968	0.99688
2226.89157	0.99711
2226.89345	0.99725
2226.89533	0.99731
2226.89722	0.99727
2226.8991	0.99716
2226.90098	0.99699
2226.90287	0.9968
2226.90475	0.99662
2226.90663	0.99649
2226.90851	0.99642
2226.9104	0.99642
2226.91228	0.99648
2226.91416	0.99659
2226.91605	0.99671
2226.91793	0.99682
2226.91981	0.99689
2226.9217	0.9969
2226.92358	0.99686
2226.92546	0.99677
2226.92735	0.99664
2226.92923	0.99649
2226.93111	0.99633
2226.933	0.99613
2226.93488	0.99585
2226.93676	0.99543
2226.93865	0.99475
2226.94053	0.99369
2226.94241	0.9921
2226.9443	0.98985
2226.94618	0.98683
2226.94806	0.98298
2226.94995	0.97832
2226.95183	0.97291
2226.95371	0.96693
2226.9556	0.96061
2226.95748	0.95425
2226.95936	0.94816
2226.96125	0.94267
2226.96313	0.93804
2226.96501	0.9345
2226.9669	0.93214
2226.96878	0.93098
2226.97066	0.93089
2226.97255	0.93167
2226.97443	0.93302
2226.97631	0.93462
2226.9782	0.93614
2226.98008	0.9373
2226.98196	0.93788
2226.98385	0.93779
2226.98573	0.93706
2226.98761	0.93583
2226.9895	0.93434
2226.99138	0.9329
2226.99326	0.93185
2226.99515	0.93153
2226.99703	0.93218
2226.99891	0.934
2227.0008	0.93704
2227.00268	0.94124
2227.00456	0.94643
2227.00644	0.95233
2227.00833	0.95862
2227.01021	0.96497
2227.01209	0.97104
2227.01398	0.97656
2227.01586	0.98134
2227.01774	0.98529
2227.01963	0.98838
2227.02151	0.99068
2227.02339	0.99232
2227.02528	0.99344
2227.02716	0.99419
2227.02904	0.9947
2227.03093	0.99504
2227.03281	0.99527
2227.03469	0.99539
2227.03658	0.99539
2227.03846	0.99524
2227.04034	0.99491
2227.04223	0.99444
2227.04411	0.99384
2227.04599	0.99321
2227.04788	0.99261
2227.04976	0.99212
2227.05164	0.99177
2227.05353	0.99153
2227.05541	0.99123
2227.05729	0.99063
2227.05918	0.98936
2227.06106	0.98694
2227.06294	0.98287
2227.06483	0.97661
2227.06671	0.9677
2227.06859	0.95584
2227.07048	0.94088
2227.07236	0.92295
2227.07424	0.90246
2227.07613	0.88007
2227.07801	0.85671
2227.07989	0.83351
2227.08178	0.81168
2227.08366	0.79247
2227.08554	0.77702
2227.08743	0.76627
2227.08931	0.76091
2227.09119	0.76127
2227.09308	0.7673
2227.09496	0.77862
2227.09684	0.79449
2227.09873	0.81395
2227.10061	0.83583
2227.10249	0.85893
2227.10437	0.88204
2227.10626	0.90411
2227.10814	0.92426
2227.11002	0.94186
2227.11191	0.95656
2227.11379	0.96824
2227.11567	0.97704
2227.11756	0.98324
2227.11944	0.98729
2227.12132	0.98965
2227.12321	0.99081
2227.12509	0.9912
2227.12697	0.99118
2227.12886	0.99101
2227.13074	0.99083
2227.13262	0.99073
2227.13451	0.9907
2227.13639	0.99071
2227.13827	0.99072
2227.14016	0.99067
2227.14204	0.99055
2227.14392	0.99037
2227.14581	0.99015
2227.14769	0.98994
2227.14957	0.98981
2227.15146	0.98981
2227.15334	0.98997
2227.15522	0.99029
2227.15711	0.99077
2227.15899	0.99136
2227.16087	0.99199
2227.16276	0.99261
2227.16464	0.99314
2227.16652	0.99354
2227.16841	0.99377
2227.17029	0.99384
2227.17217	0.99377
2227.17406	0.99359
2227.17594	0.99336
2227.17782	0.99315
2227.17971	0.99299
2227.18159	0.99294
2227.18347	0.99299
2227.18536	0.99315
2227.18724	0.99339
2227.18912	0.99366
2227.19101	0.99392
2227.19289	0.99413
2227.19477	0.99425
2227.19666	0.99426
2227.19854	0.99415
2227.20042	0.99395
2227.20231	0.99368
2227.20419	0.99339
2227.20607	0.9931
2227.20795	0.99286
2227.20984	0.9927
2227.21172	0.99262
2227.2136	0.99261
2227.21549	0.99266
2227.21737	0.99274
2227.21925	0.99283
2227.22114	0.99289
2227.22302	0.99291
2227.2249	0.99288
2227.22679	0.99281
2227.22867	0.99272
2227.23055	0.99263
2227.23244	0.99259
2227.23432	0.99263
2227.2362	0.99276
2227.23809	0.993
2227.23997	0.99334
2227.24185	0.99377
2227.24374	0.99425
2227.24562	0.99476
2227.2475	0.99524
2227.24939	0.99567
2227.25127	0.99602
2227.25315	0.99628
2227.25504	0.99644
2227.25692	0.99653
2227.2588	0.99657
2227.26069	0.99658
2227.26257	0.99661
2227.26445	0.99667
2227.26634	0.99678
2227.26822	0.99695
2227.2701	0.99715
2227.27199	0.99738
2227.27387	0.9976
2227.27575	0.99778
2227.27764	0.99789
2227.27952	0.99791
2227.2814	0.99783
2227.28329	0.99765
2227.28517	0.9974
2227.28705	0.99709
2227.28894	0.99676
2227.29082	0.99644
2227.2927	0.99616
2227.29459	0.99593
2227.29647	0.99576
2227.29835	0.99565
2227.30024	0.99556
2227.30212	0.99549
2227.304	0.99541
2227.30588	0.99528
2227.30777	0.99509
2227.30965	0.99485
2227.31153	0.99455
2227.31342	0.99422
2227.3153	0.99389
2227.31718	0.9936
2227.31907	0.99338
2227.32095	0.99327
2227.32283	0.99328
2227.32472	0.99343
2227.3266	0.99371
2227.32848	0.99409
2227.33037	0.99453
2227.33225	0.995
2227.33413	0.99545
2227.33602	0.99585
2227.3379	0.99615
2227.33978	0.99635
2227.34167	0.99644
2227.34355	0.99643
2227.34543	0.99634
2227.34732	0.99619
2227.3492	0.99602
2227.35108	0.99585
2227.35297	0.9957
2227.35485	0.99559
2227.35673	0.99551
2227.35862	0.99547
2227.3605	0.99544
2227.36238	0.99543
2227.36427	0.99541
2227.36615	0.99537
2227.36803	0.99533
2227.36992	0.99528
2227.3718	0.99524
2227.37368	0.99521
2227.37557	0.99522
2227.37745	0.99526
2227.37933	0.99535
2227.38122	0.99548
2227.3831	0.99562
2227.38498	0.99577
2227.38687	0.99588
2227.38875	0.99595
2227.39063	0.99593
2227.39252	0.99583
2227.3944	0.99563
2227.39628	0.99535
2227.39817	0.99502
2227.40005	0.99466
2227.40193	0.99432
2227.40381	0.99403
2227.4057	0.99383
2227.40758	0.99373
2227.40946	0.99374
2227.41135	0.99385
2227.41323	0.99404
2227.41511	0.99427
2227.417	0.99449
2227.41888	0.99467
2227.42076	0.99477
2227.42265	0.99476
2227.42453	0.99463
2227.42641	0.9944
2227.4283	0.99408
2227.43018	0.99372
2227.43206	0.99334
2227.43395	0.99299
2227.43583	0.99271
2227.43771	0.99251
2227.4396	0.9924
2227.44148	0.99237
2227.44336	0.9924
2227.44525	0.99246
2227.44713	0.9925
2227.44901	0.9925
2227.4509	0.99244
2227.45278	0.99229
2227.45466	0.99208
2227.45655	0.99181
2227.45843	0.99152
2227.46031	0.99126
2227.4622	0.99105
2227.46408	0.99095
2227.46596	0.99097
2227.46785	0.99112
2227.46973	0.9914
2227.47161	0.99178
2227.4735	0.99222
2227.47538	0.99268
2227.47726	0.99312
2227.47915	0.9935
2227.48103	0.99379
2227.48291	0.99399
2227.4848	0.99408
2227.48668	0.9941
2227.48856	0.99406
2227.49045	0.994
2227.49233	0.99395
2227.49421	0.99393
2227.4961	0.99396
2227.49798	0.99404
2227.49986	0.99416
2227.50174	0.99429
2227.50363	0.99441
2227.50551	0.99449
2227.50739	0.99451
2227.50928	0.99447
2227.51116	0.99436
2227.51304	0.9942
2227.51493	0.99401
2227.51681	0.99381
2227.51869	0.99364
2227.52058	0.99352
2227.52246	0.99346
2227.52434	0.99346
2227.52623	0.99351
2227.52811	0.99359
2227.52999	0.99365
2227.53188	0.99366
2227.53376	0.9936
2227.53564	0.99343
2227.53753	0.99317
2227.53941	0.99282
2227.54129	0.99242
2227.54318	0.992
2227.54506	0.99162
2227.54694	0.99133
2227.54883	0.99118
2227.55071	0.99118
2227.55259	0.99136
2227.55448	0.99169
2227.55636	0.99214
2227.55824	0.99268
2227.56013	0.99323
2227.56201	0.99376
2227.56389	0.99421
2227.56578	0.99455
2227.56766	0.99478
2227.56954	0.99489
2227.57143	0.99492
2227.57331	0.99489
2227.57519	0.99483
2227.57708	0.99478
2227.57896	0.99474
2227.58084	0.99473
2227.58273	0.99473
2227.58461	0.99471
2227.58649	0.99462
2227.58838	0.99445
2227.59026	0.99417
2227.59214	0.99376
2227.59403	0.99326
2227.59591	0.99268
2227.59779	0.9921
2227.59968	0.99158
2227.60156	0.99118
2227.60344	0.99094
2227.60532	0.99086
2227.60721	0.99093
2227.60909	0.99104
2227.61097	0.99107
2227.61286	0.99085
2227.61474	0.9902
2227.61662	0.98891
2227.61851	0.98683
2227.62039	0.98384
2227.62227	0.97992
2227.62416	0.97509
2227.62604	0.96951
2227.62792	0.96339
2227.62981	0.95703
2227.63169	0.95076
2227.63357	0.94491
2227.63546	0.9398
2227.63734	0.93568
2227.63922	0.9327
2227.64111	0.93093
2227.64299	0.9303
2227.64487	0.93066
2227.64676	0.93175
2227.64864	0.93328
2227.65052	0.93493
2227.65241	0.9364
2227.65429	0.93745
2227.65617	0.93792
2227.65806	0.93774
2227.65994	0.93698
2227.66182	0.93576
2227.66371	0.93431
2227.66559	0.93292
2227.66747	0.93186
2227.66936	0.93142
2227.67124	0.93181
2227.67312	0.9332
2227.67501	0.93563
2227.67689	0.93908
2227.67877	0.94342
2227.68066	0.94847
2227.68254	0.95397
2227.68442	0.95967
2227.68631	0.96529
2227.68819	0.97061
2227.69007	0.97541
2227.69196	0.97958
2227.69384	0.98304
2227.69572	0.98578
2227.69761	0.98784
2227.69949	0.98931
2227.70137	0.99028
2227.70325	0.99088
2227.70514	0.99122
2227.70702	0.99141
2227.7089	0.99153
2227.71079	0.99163
2227.71267	0.99175
2227.71455	0.99191
2227.71644	0.9921
2227.71832	0.99232
2227.7202	0.99255
2227.72209	0.99278
2227.72397	0.99298
2227.72585	0.99316
2227.72774	0.99329
2227.72962	0.99339
2227.7315	0.99346
2227.73339	0.99349
2227.73527	0.9935
2227.73715	0.99349
2227.73904	0.99347
2227.74092	0.99344
2227.7428	0.9934
2227.74469	0.99335
2227.74657	0.9933
2227.74845	0.99323
2227.75034	0.99315
2227.75222	0.99305
2227.7541	0.99292
2227.75599	0.99276
2227.75787	0.99255
2227.75975	0.99232
2227.76164	0.99205
2227.76352	0.99175
2227.7654	0.99144
2227.76729	0.99114
2227.76917	0.99085
2227.77105	0.9906
2227.77294	0.9904
2227.77482	0.99024
2227.7767	0.99015
2227.77859	0.9901
2227.78047	0.9901
2227.78235	0.99012
2227.78424	0.99016
2227.78612	0.9902
2227.788	0.99024
2227.78989	0.99027
2227.79177	0.9903
2227.79365	0.99035
2227.79554	0.99042
2227.79742	0.99054
2227.7993	0.99071
2227.80118	0.99095
2227.80307	0.99124
2227.80495	0.99157
2227.80683	0.99191
2227.80872	0.99223
2227.8106	0.99249
2227.81248	0.99266
2227.81437	0.99272
2227.81625	0.99266
2227.81813	0.99247
2227.82002	0.99219
2227.8219	0.99185
2227.82378	0.9915
2227.82567	0.99116
2227.82755	0.99089
2227.82943	0.9907
2227.83132	0.99059
2227.8332	0.99054
2227.83508	0.99052
2227.83697	0.99048
2227.83885	0.99037
2227.84073	0.99018
2227.84262	0.98988
2227.8445	0.98949
2227.84638	0.98906
2227.84827	0.98866
2227.85015	0.98836
2227.85203	0.98821
2227.85392	0.98824
2227.8558	0.98838
2227.85768	0.9885
2227.85957	0.98834
2227.86145	0.98755
2227.86333	0.98569
2227.86522	0.98223
2227.8671	0.97665
2227.86898	0.96846
2227.87087	0.95727
2227.87275	0.94288
2227.87463	0.92528
2227.87652	0.90475
2227.8784	0.88184
2227.88028	0.85737
2227.88217	0.8324
2227.88405	0.80812
2227.88593	0.78584
2227.88782	0.76681
2227.8897	0.75218
2227.89158	0.74283
2227.89347	0.73938
2227.89535	0.74204
2227.89723	0.75066
2227.89911	0.7647
2227.901	0.78331
2227.90288	0.80536
2227.90476	0.82961
2227.90665	0.85473
2227.90853	0.87946
2227.91041	0.90271
2227.9123	0.92359
2227.91418	0.94152
2227.91606	0.95617
2227.91795	0.96754
2227.91983	0.97582
2227.92171	0.98142
2227.9236	0.98486
2227.92548	0.98671
2227.92736	0.98749
2227.92925	0.9877
2227.93113	0.98769
2227.93301	0.9877
2227.9349	0.98787
2227.93678	0.98823
2227.93866	0.98872
2227.94055	0.98926
2227.94243	0.98975
2227.94431	0.99012
2227.9462	0.99032
2227.94808	0.99037
2227.94996	0.99029
2227.95185	0.99016
2227.95373	0.99007
2227.95561	0.99008
2227.9575	0.99026
2227.95938	0.99063
2227.96126	0.99119
2227.96315	0.99188
2227.96503	0.99263
2227.96691	0.99336
2227.9688	0.99398
2227.97068	0.99443
2227.97256	0.99468
2227.97445	0.9947
2227.97633	0.99452
2227.97821	0.9942
2227.9801	0.99379
2227.98198	0.99338
2227.98386	0.99302
2227.98575	0.99277
2227.98763	0.99266
2227.98951	0.99267
2227.9914	0.99281
2227.99328	0.99301
2227.99516	0.99325
2227.99705	0.99347
2227.99893	0.99365
2228.00081	0.99375
